Screen Name;Full Name
@geometryfan;Geometry Fan
@kz1300a4_lee;lee
@PrincessBibiRF_;Bibi Spielberg
@assouu___;ratpi
@AnthonyAggie17;Ant
@CoastalCndn;Cricket
@surge4earth;Surge4Earth
@lynsnyds1;lynsnyds
@Midge150;12vwoman150
@the_sailor_dog;Bob Hein
@debjanise;deb janise
@EmmanGuevara;Emman
@DUNROVIN15;DUNROVIN
@high_level_rd;MINKOWSKI SPACETIME RESEARCH INTERNATIONAL
@jaam91;jaam91
@EvgePinsel;EvgePinsel
@jamiedlux;Jamie Dlux ğŸ›¸ğŸ’¨
@DrHueyLi;Huey Li
@DefeatColoRep;Defeat Colo Republicans
@Bollocksworth;Boswald Bollocksworth
@pohamila;Mila
@VeroArtistBlue;Democracy above all.....
@Solarman1955;ObviousMan
@sanjayp78413705;sanjay pandey
@Sam_Schulman;Sam Schulman ÙƒØ§ÙØ±| Ù†
@mimilu;JoanONo! Mask Up
@PaulDray;paul Dray
@Frass2u;ğŸ‡ºğŸ‡¸ğŸŒŠSASSY FRASS ğŸŒŠğŸ‡ºğŸ‡¸
@boomer55u;Barry Alverson
@mrsoumen41996;Soumen Mukherjee
@doodlebug4845;Edray
@FrankJa55485824;Frank James
@FranSparks18;Fran Sparks
@swann2001;Swannsback
@carrmarie70;christine carrick
@AlvinTheHipMonk;Alvin The Hip Monk
@Herbwells7;Herbwells
@ultimate1us;DENSMORE
@raspootang;Grigori Rasputin
@itutoresl;MakeMeSmile
@WeAreChangeNYC;WeAreChange NYC
@Tao23;S.A. Barton is thinking about it
@stefanoshow;SPX
@msohadi;Michael Ohadi
@EddieFeldmann;Eddie Feldmann
@BlomstromRobert;Robert Blomstrom
@ProjectLincolnn;The Lincoln Project (parody)
@baryo_j;william j baryo
@iVoteAmerica;iVoteAmericaÂ®
@IamJWilliams95;Rest In Power Micahel Brooks
@LALALandLeafFan;GLG
@MichaelFrankie6;Lanoka Lanikai
@StarryGirl99654;Eileen Mann
@FabulousThomasJ;Tom Kidd
@sankuperis;SaulÄ—
@autarchofTexas;your mom
@WillsLyn;Lyn Wills
@AlEastmond;Al Eastmond
@Kemp4Democracy;Gayle Kemp
@PinkSheepNews;Jhawn Paul
@mooneye13_the;The dawn-breaker
@nigel_revell;Nigel Revell
@LizardGirl0;LizardğŸ‡§ğŸ‡¾ğŸğŸ“ˆ
@Brandon20105199;Brandon K
@PeggyAbrahamson;Peggy Abrahamson
@TheScottLove;R. Scott Love
@carman17838926;carman
@ssguffey;sheri higgins
@bobcarr58684439;bob carroll
@Boognish12;Crash
@RomanaVolny;ğŸ‡¨ğŸ‡¿ğŸ‡¨ğŸ‡¦ ROMANAâ™€ï¸who loves ğŸ‡·ğŸ‡ºPUTIN/ğŸ‡ºğŸ‡¸TRUMP2020
@Lemieux1150Jane;âš–ï¸ Steel City Cat Lady
@Robertamnesia;Rob Schneider
@thetruthtoliar1;Karen Hardison
@mommacorner;momma corner
@RadioFlyer1101;LittleRedWagon
@Sheryl23373427;Sheryl
@Bizypawz;Sara Sturz
@MacGregorGarlic;MacGregorGarlic
@EveCanadienne;CanadienneEveğŸ‡¨ğŸ‡¦ğŸ‡¨ğŸ‡¦@Lunastella
@TomVMorris;Tom Morris
@iamtogtogiam;Tog #TheResistance #VoteBlue #BLM #GoodTrouble
@JilWaters;Jil Waters
@sheron_spikes;Sheron Spikes
@BobRmhenry1;C'MON MAN! YOU KNOW! THE THING!ğŸ‡ºğŸ‡¸
@LvCa2;Kathy
@fesi_df;Dominic Fesi.df
@kmoliscollier;Kate
@Dogmommaz3;Nancy Stinson
@Raytown_12;an American Wookiee in Washington
@WendyCreates;Wendy Jones
@JamesCharlesWa7;James Charles Warren Deloach Jr
@rnadna2;JC
@mattfier;Matthew Fier
@Klayoven;((( H K S )))
@cov_19worldstat;Covid-19Worldstats
@sauconykid;Makeda
@RangerLeRoyAda1;Ranger Le'Roy Adams
@pkacee;Paa Kwesi
@saltMariaa;MariağŸš
@MillerOval;Oval Miller
@tlumaczEN;Johnny Shnosnas
@CildaShaur;Cilda Shaur
@imaldridge;ISAIAH ALDRIDGE
@Dusklikethunder;(((Eric)))
@phil_marlo;Carl Fidelio II Î©Î©
@RealPaulLewis;PL
@andendall;Patrick M Andendall
@NEWS9;News 9
@YvanL13;Uhthred son of Uhthred
@hardworkusa;Lynn
@rhoar_baitch;Remember John Lewis, outvote Conald T. Rump
@JohnsonRussiaLi;Johnsons Russia List
@LisbethS34;Carmen with C
@MichaelNapoli7;Michael Napoli
@Tony98Tony;Tony Whitsett
@Infantry0300;Private Joker, USMC
@cedalimun;eva
@Tonto250;TK the soundman
@deerhyde;Remington
@RhapsodysBIues;Wicked Big RU Mob Thug In The WH Blues ğŸ‘âš–ï¸âœ¨ğŸ‡ºğŸ‡¸
@esneet4113;ESNEET â›µï¸
@AllBrPolitics;All The Brazilian Politics
@mgcanmore;Mike Gilchrist
@SSestanovich;Stephen Sestanovich
@BotEkaf;SWEN EKAF Bot
@NofrontRunnersx;Eric Robles
@myVOpower;myVOICEOVERpower
@CSBlenner;C.S. Blennerhassett
@teare_j;J B Teare
@just_dawning;just dawn
@BostonDivine;The Divine Boston CreamğŸ©â˜•ï¸ğŸŒŠ
@patmathewsriden;patriciaridenour
@Dyclo_Mvp;Seiko_jazz_mvp ğŸ‡­ğŸ‡¹
@ccs_rshb;#TRUMP is a DANGER to DEMOCRACY! ğŸš«â˜¢
@Krisehandtering;Gunnar Angeltveit
@ncappraiser30;Tony Morton
@Tru2KO;Tru2KO, Sick to Death of GOP - Vote Joe Biden 2020
@rainerickson;Rain
@hankgiovano;Ronny long
@davidmweissman;David Weissman
@RandomNews5;Random News
@effiedog;Jesse Elin B.
@WeAreMel;MEL Magazine
@littelbabyy;Nwa Baby ğŸ‡²ğŸ‡·ğŸ˜¼
@SandyBurrell7;Sandy Burrell
@aheffne;#New Party Needed
@Christ_Will_Iam;The Word of God
@Trnrjss4;Jes E. Turn
@JimTrotter7;J Rock
@PeggyKraft1;Peggy Kraft
@TheEmporer3;The Emporer
@CicerosLogic;CicerosLogic
@Terrenc91011033;Terrence
@AllAroundMBrown;MichaelğŸŒŠğŸŒˆ
@OnlyWhiteTiger;Carm Derrico
@j_officerandrew;Me
@SEMPERFISGT;Terry Chero
@dimitrigalanis;Dimitris Galanis
@DruryPatricia;Patricia Drury
@BrennanAngeline;angeline brennan
@ips1987;Sunset Superman
@thinman;thinman
@pennyannecole;Penelope Anne Cole
@MaudeSellers13;Maude Sellers ğŸŒŠâ˜•
@is_putin_dead;Is Putin Dead?
@stansoloway;Stan Soloway
@RWTrollPatrol;Trump Crisis
@tigercooke;Tiger Cooke
@cyrsani;cyrsani
@sassycamelco;Sassy Camel Co â„¢ï¸ğŸªğŸ’‹
@LovesTheLight;JaLove
@dascotto;Save the Republic
@DrLeoStrauss;Leo Strauss
@Destinbeach22;â¤ï¸PARIS DEPLORABLEâ¤ï¸
@olddog95;GSDâ€™s
@Putin_jnr;Captain Of PeaceÂ®
@DocAdams1;Doc Adams
@Diplopundit;Diplopundit #WearAMask
@arizona319;mkdarizona
@timeoutofmind64;Alan Cole
@GlobalPandemics;GlobalPandemic.NET
@gamegrouch;Patrick Wayne
@bot_london;London's Bot
@FrancoZerlenga;Franco Zerlenga
@Wepp;Wepp
@notbetty4ever;sister golden hair surprise
@ellebal1111;FranÃ§ois Labelle
@bsonder;bsonder
@GIS_Reports;GIS Reports Online
@meljmcd;Melanie McDonald
@Eagle5022;Eagle502
@maquishq;Gabrielle MaquisHQğŸ‡«ğŸ‡·ğŸ‡ºğŸ‡¸ğŸ‡ªğŸ‡º
@AncsyM;Martha Hoggard Cripe
@WINDSONG58;Carole Sanders.......and Omran.
@DMDent;David Dent
@Vincent94077438;Vincent Murray
@LanceMa89524580;The Bay Ridge Crow
@fytethefakepres;canary coup
@mpalmond;Mark Almond
@RogerRRivera1;Roger R. Rivera
@LCSTORM2;LCSTORM
@idaw468_ida;Ida williams
@dotsamir;ğŸ‡ºğŸ‡¸Samir N.ğŸ—½
@MaryLambertyb8s;Mary Lamberty Bates
@BuckeyeBruce01;Readyfor2020
@kingfish7418;AJ Saint ğŸ‘¼â˜ˆâ„ VOTE BLUE NO MATTER WHO, #PRU. #BLM
@JudithFeldman89;Judith Feldman
@BlackcityL;ğŸ‡¸ğŸ‡³Ø²ÙƒØ±ÙŠØ§ zakariiyaağŸ´â€â˜ ï¸
@JackiBandMe;Jacki Beagle
@DebiecJacek;Jacek Debiec
@Recon2092;Sandy
@houdini91_;David Blaine #CheminDuRoi
@jackhammer29006;Jake Castro
@KirstinElaine1;Kirstin Elaine Martin
@Needs2HearThis;Matt
@rosalindprestag;rosalind prestage
@nbrew73;Norman Brewer, Author of Killer Politics
@topspin7777;TOPSPIN
@kolga;Marcus Kolga
@benmartell;Ben Martell ğŸ¥ƒ
@antiieess;polina
@albany_local;Albany Local Journal
@BelarusinFocus;Belarus in Focus
@BobBunker8;BunkerBob
@DelthiaRicks;delthia ricks ğŸ”¬
@Tlureau;thomas lureau
@RyszardZebrak;Ryszard Zebrak
@HugoMangoferoz;hugo lopez
@Skirmont;Deborah Skirmont
@devourtherich;DovewithclawsII
@AnalizeThis;analizethis
@RichardSylves15;Richard Sylvester
@oleman2200_josh;Redneck JoshRandal
@kukisplant;ğŸƒâ·
@ELuttwak;Edward N Luttwak
@honey_resister;HONEY LOVE #RESISTER #StrongerTogether #WearAmask
@mkmiller63;Malinda Miller
@boomer_lib;LadyLib
@golinus;linusg
@mrjohsand;Juancho El Tonejoâ„¢
@skyriders1;Helene Bolduc
@mikeystep;StepâœŒï¸â˜®ï¸
@tracilaw;Traci Law
@stoddard38;BarbaraBuon
@DDBURNES;DIANA PARKS
@paulmotty;Political Gambler
@positivehater1;Belarus in action
@buffymuffy4444;P H Muff N Buff
@catsden234;VickiW22
@news18dotcom;News18.com
@pyramidmedicine;Nancy Onyett, FNP-C
@TheBomb1987;Kelly G.
@Cecalli_Helper;The Ghost of Dr Carl Jensen
@ValentinAleida;Aleida Valentin
@rentparisnow;Rent Paris Now Team
@GVS_News;Global Village Space
@InUnfunky;Trey, Unfunky In 5/4
@EspritdeCorp258;Espritdecorp258 ğŸ’™ğŸ‡ºğŸ‡¸ğŸŒŠ
@philipotto23;Philip Otto
@DoughboyLA;Darin Baker
@SirOscarM;SirOscarM
@24baseballReed;c.anne Reed
@Chauthaidiot;Pun-Dit
@JJ56123;JuliaPoems
@islosingweight;Contemplating
@Carolinepanett1;Caroline Panetta
@BizNewsCOM;BizNews.com
@tharunam;ash pan
@kprochnow;Kenneth Prochnow
@Njeanous;Njeanous
@mrchambersblog;Randall Stevens
@rider505;Wpg Jets & NYI Fan in NY
@EdDarrell;Ed Darrell 8645110320
@sihle_eurozy;ProudlySouthAfrican
@Rosario_RS;Rosie Rosas
@steelman5077;Michael Hagan
@CTIronman;CTIronman
@Martina;Martina Navratilova
@InhellJourney;Journey Inhell
@sarrahh011;sarrahh01
@guilhermecorde;Guilherme # Beta
@rbyrnereilly;R. Byrne Reilly
@leislgirl;VoiceGirl
@MacleanJoyce;Joyce crickett
@LatestComments;Latest Commentary
@leslie_barile;Leslie Barile
@KelliJaeBaeli;Kelli Jae Baeli ğŸ˜· #BLM #UnionDown #VoteBlueğŸŒŠğŸ—½
@AndyVermaut;Andy Vermaut
@RagingLibNana;NANAâ¤ï¸ğŸ‡¨ğŸ‡¦ğŸŒŠğŸŒŠğŸ’›ğŸ’›Biden/Harris
@a_martinoro;Ãngel MartÃ­n Oro
@ybfmiami;ybfmiami
@vsm2456;Vic
@caravaggio12;Alf - Europhile.
@DoingPaid;GetPaidDoingStuff
@GellatioBot;GellatioBot
@balaedi;Idiyappam Curry ğŸ˜‹
@robbyusea;Rob
@KillbotX;MENSCHâ€¢BOTâˆ3000
@3in1forlife;CourageSpeaks
@trevorbmbagency;trevor beattie
@mTmimosa;Maria Estela DeVera
@SciasWolf;Scias Wolf #4142
@AlanRay07;Alan Ray
@kevin_global;Sanjeev_Kumar
@shashank_4287;Shashank
@kimhurdman;Kim Hurdman
@xxUncleMonkeyxx;ğŸŒµUncle MonkeyğŸŒµâ˜€ï¸â˜€ï¸â˜€ï¸
@jmfisher71;The Truth Resists ğŸ‡ºğŸ‡¸ğŸ¹ğŸŒğŸŒ²
@johnodixon3;Delo033
@globalwonks;GlobalWonks
@Alvinthe1st;AJ - Ticked off veteran
@cmceltic52;CMac ğŸŒŠğŸŒŠğŸŒŠğŸ’™ğŸ˜·ğŸŒŠğŸ’”
@SingleMaltz;Resist Whatâ€™s Happening in Our Country! ğŸ†˜ ğŸ‡ºğŸ‡¸ ğŸŒŠ
@elzorn;Elizabeth Zorn
@aabraha00422511;aabraham
@BonesJones09;Scott Jones
@NotHoodlum;Hoodlum ğŸ‡ºğŸ‡¸
@mujtaba_haruna;Mujtaba haruna
@jtwigg9;Judy Twigg
@CynthiaConkling;Cynthia Conkling
@AndrewV50196572;Andy Vaughan
@Poynter;Poynter
@moonbounce_;Moon Bounce
@ScorpioPisces9;Cathy St John
@TornCurtain1991;The Torn Curtain
@roblox_putin_;RobloxPutin ğŸ‘¤
@sovietsuntzu;Sun Tzu
@chaleeboh3131;charles benjamin
@steve_dungy;steve.dungy
@BlazerLegacy;Blazer Legacy
@hunnnnuh;ğ–•ğ–‘ğ–†ğ–ğ–Šğ–— ğ–”ğ–“ğ–Š
@99wallstreet;99wallstreet
@JMBossert1;J Michael Bossert
@cmacrina27;Claude Macrina
@TheTweetsTimes;Observer
@John08122016;John Johnson
@Nef92_;Evinho
@KHive4Biden;Frank ğŸ¥
@SamCarr40408258;Biden2020Rep
@TPDugger;Tim Dugger
@KPickhart;Kat Lyst
@iWoodDragon;Anna-ish
@PandaScottish;ScottishPanda
@CarolynHogarth;Carolyn Hogarth
@mezla108;Mancity17
@melsavage12;mel savage
@Medhinho28;Medhinho
@KMurreh;Murreh
@MsivoryF;MSIVORY FUNSEEKER
@PatriciaHowie;Patricia Howie
@Enough212;ENOUGH ğŸŒŠâ™¿ï¸ğŸ³ï¸â€ğŸŒˆâœŠ
@KevinSussman;Kevin Sussman
@CollinsDionte;Founding Fathers
@GiammonaPhil;Phil Giammona
@ReggieDog3;Reggie (kennel genius) dog
@herealexhere;alex, the creator
@TLilliepi;THELilliepi
@lpz3;Thoughts AloudğŸŒˆ#StaySafeğŸ‡¬ğŸ‡§
@barbara88480666;barbara
@USIntegrityProj;Congressional Integrity Project
@joylynbest;ğŸ’‹Shirley ğŸ‘ ğŸ’ƒ
@DamienW89753708;Rage Raptorsaurus
@CJ_VoteRed;ğŸ‡ºğŸ‡¸ CJ ğŸ‡®ğŸ‡¹
@erikssondan;Dan Eriksson
@Oostr3;Boris Oostr
@Kimma_S;Kimma
@Amy_Siskind;Amy Siskind ğŸ³ï¸â€ğŸŒˆ
@kahleesiblue;kahleesiblue
@Jerry_The_God;Jerry
@ndhamilton12132;neil hamilton
@pleaseh13711753;please help us
@WingTrending;Trending Right Wing News
@SouthernMaxims;Relevant Aphorisms
@wernet;wernet
@NancyABanker;Nancy A Banker
@DashanaDozier;DaShana Purnell Delorees Dozier
@zeena_kd;ZeenA
@realsarahaley;Sara Weston
@PDruilhet;Perla Druilhet
@WilliamJFricke2;PhillyMusicMan
@XSovietNews;X Soviet
@LorLyBa;ğŸŒŠ LorLynBa
@hgar72;Heriberto Garcia
@beck_jea;JeaBeck
@KjTrudy;Trudydoll
@SDSF3333;Sue
@dbcdthumper5;chris marshall
@cabresch;Craig
@fluffyman47;Bill
@vimtogirl;ğŸ’â˜ï¸
@vaidehir9;Vaidehi Rajguru
@genechick50;ELLA  *IF you are REPUBLICAN, you are A CRIMINAL!*
@marckeepper;Vote Biden/Harris & wear your mask, thanks!
@MashedUpMovies;MashedUpMovies
@myrubypearl;Sarah Anderson
@flxdrinkingnow;Wayne Schutz
@giscarto;Ilse Genovese
@Kim28363010;serene
@reaIdonaIdtripe;Donald J(erk) Trump
@ViceGodhead;Vice Godhead
@FuzzyEddie;Fuzzy Eddie
@LoveLogCabins;Thomas Feller
@MARCUS1961UK;@MARCUS1961UK
@zuuliebullie;Zuul ğŸŒŠ ğŸ‡ºğŸ‡¸There is no tRUMP, only Zuul
@TheUSTalker;The US Talker
@justinyost;Justin Yost
@Lady_Glencora;Lady_GlencorağŸ’”
@AnthonyVillany;anthony villany
@SKN_NASAA;SKN
@ShannsolSolberg;ShannSol
@fettjango7;FettJango7
@jimsfoto;JfnD
@Ironcapt;Iron Capt
@JackSussek;Jack Sussek
@OrmeSwithun;Swithun Orme
@bibek1002;__mr_brownie__
@katerwriter;Kate Robinson
@HeIsShocked;DemocracyForever
@scully_sullivan;Secret Scully Sullivan ğŸ’€
@theradardude;Dr. Gary McKay
@oregoncoastgal;Pam DeGlow
@lavbhargava;Lav Bhargava
@Mary_Burgess;Mary Burgess
@funlaughangel;Monique McFaddin
@AdelesBabyDaddy;Gabadiya ğŸ‡¨ğŸ‡©
@JhdJane;jane h dexter
@edwardtoyou2;edward collins
@neymanr1;neymanr
@Orphan;Orphan
@curtinsea;Curtis Woodard
@LilKeke58919124;Lil Keke
@Atmvn;Atman
@J59832579;James
@lnmnkatz;Lou Katz
@Time2Coach;DasCoachingPowerhouse ğŸ‡©ğŸ‡ªğŸ‡¿ğŸ‡¦
@OleVetUSAF;"Ole Vet ""VetsResistSquadron"""
@Anime_Now90;Anime_Now
@physicspolitics;"""We Are The Future"" Academy"
@NCHavelock;Edgar Havelock
@JLuth;JRL
@miacapri3;Mama Tino
@AliAvanti82;Ali Avanti
@toal_maggie;Maggie Toal
@sashkowycz;Ğ¨ÑƒÑ€Ğ¾Ğ½ Ğ’Ğ°ÑĞ¸Ğ»ÑŒĞ¾Ğ²Ğ¸Ñ‡
@Caerage;JaneDoeMD
@melisandrePro;Milli
@RahmanOfIndia;Ø±Ø­Ù…Ø§Ù†
@Lmo66Olson;LynneMarie Olson
@jchambers911;Judith Chambers
@abit_spicy;Spicy ğŸ€
@MollyJayne86;Molly Jayne
@_kash_v;Optimus Sub-Prime: Debtcepticon
@MMNewzz;MMNewzz
@FAScientists;Federation of American Scientists
@julycrab712;Anibelle â˜®ï¸ğŸ—£ğŸ¦€
@alexandralou29;alexandra montclare
@CulpritEnter;Culprit
@gayjewishmale;(((King of the Gay Jews I)))âœ¡ï¸ğŸ‡ºğŸ‡¸ğŸ•ğŸ³ï¸â€ğŸŒˆğŸ¥ğŸŸ¥ğŸ‡®ğŸ‡±
@_m396;Mel...
@comgenKDT;Cyborg v23âˆ
@savanahloverose;Savanah ğŸŒ¹
@wexthoughts;Richard Wexler
@dominiquebalie;Dominique
@Allen_Clifton;Allen Clifton
@ericalvino;Eric alvino
@SmithDwane;Orwell 2020 ğŸ†˜ DEFUND THE STORMTROOPERS
@Gou_Tongzhi;Francis Parsons
@pickle2717;Tracy Barnett â“‹
@AndrewGoetz1;Andrew Goetz
@JohnLukeSam1;Make Bunker-Don Gone
@Stephen76948225;Stephen bonner
@BuzzFeedster;Buzz Feedster
@The1Justin;â˜ 
@TanVu69714183;Vu Tan
@CBSNews;CBS News
@GetCalCISO;CalCISO
@TCoruth;Tina Coruth
@CarverMolnar;Mike Molnar
@palinterest;Palinterest
@AddymyPat;Addy
@JSemkiv;Jason Semkiv
@CPO_JOE;Joe
@rarerafs;ğ’œğ‘€ğ¼ğ¿ğ¿ğ¼
@MichaelTerran;Michael
@Ben_s214;Ben Scott
@GGreyscale;Surreal Outrage âœŒâœŒ
@Sahendra_Singh7;Sahendra Singh
@Ayanamatata;Ayanamatata ğŸ’œ
@mdenisov_ru;ĞœĞ°ĞºÑĞ¸Ğ¼ Ğ”ĞµĞ½Ğ¸ÑĞ¾Ğ²
@TanmoySpeak;@iamtanmoy
@Chris__Sage;Chris Sage
@billybob6609;billybob
@matchew44847373;matchew
@mylesmc49;Myles McSterling
@lisagstraw3;Lis
@hemanttnameh;Hemant sarawgi
@VincentDiazJr1;Vincent Diaz Jr
@littlegee15;Gail ğŸŒŠğŸ—³ğŸ‡ºğŸ‡¸ğŸ˜·
@mahoneypaul1;paul mahoney
@AcharyaBJB;ACHARYA BASAVARAJ BADIGER
@jawhnn;josh â˜­
@Poyrazcck;Poyraz Ã‡.
@pravdaispravda;Stephanie LeFranc
@TrumpIdeasBot;Donald Trump Sr.
@HarrimanInst;Harriman Institute
@daled_33;Dale Dymkoski
@BettySloan1;Betty Sloan
@MusicTramp;MusicTrampğŸ’š
@Rddedhd;Jeff Feinberg
@SecretNews;Infinite Unknown
@LaCaaautiva;La NO BLANCA Lau ğŸ˜»
@TheGameVeda;Navdeep Singh Rajwanshi
@jamesnixey;James Nixey
@Sanaull01296045;Sanaullahkhan
@shambekela_;#GenerationalWealth ğŸ’°
@Quantum49190438;Quantum
@Stgenepress;Straight Outta Bethlehem
@damspahn;Spirit of 2020
@RatherDog;B. Louie
@JamesLaidlaw2;James Laidlaw
@BigHit94230346;BigHit
@ladychampney;ViTSa Mama ğŸŒŠ ğŸ‡ºğŸ‡¸ Vote To Save America! ğŸ‡ºğŸ‡¸ ğŸŒŠ
@ibanut;Montzalee Wittmann
@therussophile;Karl E
@BTDTB4;GreyGoose
@atanessi;Grigor Atanesian
@johnnynaugahyde;jb
@MightyResistor;R.L.
@french_ruth;OhOhWitchyWoman
@newsouth418;Robert Heikkila
@ABerman333;ABerman333
@mhp_1776;Mel (Wear A Damn Mask)
@MarcDeCock5;Marc
@MrFutbol;MrFutbol
@arnold5508;Arnold Mamesah MA
@fToRrEeEsSt;Michael R. Weinstein, Bookseller #EndTheDuopoly
@RandiM20;Randi M ğŸ´
@recallscott;linda horn
@rajon36_rajon;AMINUL ISLAM RAJON
@j_putin;Vladimir V. Putin
@JWBstuhr;JWBstuhr
@hayvibouzo;Hayvi Bouzo Ù‡ÙŠÙÙŠ Ø¨ÙˆØ¸Ùˆ
@AnibalInvic;Anibal (wear the bloody facemask!) Invictus
@AllanAgard;The Conscious Underground
@Christo02430129;Christopher Leigh
@whiney815;Whiney
@robertdoriannor;Robert Norberg
@MbuguaKimaniGe1;Mbugua Kimani Geoffrey
@LucySocha;Lucy Mary Ann
@Trumpisgoingdow;I'm Anti-Fascist! How about you?
@needabunker;#MassiveWHcoverup happening
@DictatorRadar;Dictator Radar
@DemNevada;Dr G
@bonomo_robert;Robert Bonomo
@dwayneolds67;www.adam67
@MacCheeseShow;Mac - #StayHome if you can.
@GOPKlanSucks1;Just Say No To Klan GOP
@dufus;WEAR A DAMN MASK AND VOTE BLUE #BLM #BIDEN
@BambinoYbm;The Real Big Slime
@drdoodlie1994;Edith Miller
@tilbert;Roadside Picnic
@Ahmed09348773;HuriyahØ§Ù„Ø­Ø±ÙŠØ©
@Bold_balak;Vishu
@CristopherOcean;Cristopher
@shari_tweet;Tweet 16
@wenwar69;Wen War
@SpencerMagne;Spencer Coleman
@ofnfme;Ofnf.Me
@toonsmag;Toons Mag
@bountytx;Tipping PointğŸ‡ºğŸ‡¸
@SajiKG3;Sachu Dev
@WamsuttaLives;Joe Biden's RğŸ…°ï¸pe Kit of Color
@indianagranny70;tina bolt
@NatureNews;Nature News & Comment
@JaredOfLondon;Ja-Rnold
@idpatankar;Indrajit Patankar
@Felixx1990;felix
@ThomasHohn6;Thomas Hohn
@TheBestAkrep;DÃ¼nyalÄ± & PastafaryağŸ‡¹ğŸ‡·â™â™¥ï¸ğŸ”´
@minxiv7;Minxi
@NancyNanjohnst;Nancy Johnston
@HarryWickham97;Harry Wickham
@jschln1;Gerald A Johnson
@PK_Tech_Vermin;Peacekeeper Tech Girl
@sally_beaver;BIDEN/HARRIS FOR THE WIN!!!ğŸ’™ğŸ’™ğŸ’™
@DHHS_Podfather;Ken Nedler
@MFaustian;MFaustian
@ARobhere13;A Rob
@OBRtweets;OBR
@406Llama;Llama
@hyperbranch;ğŸ›†
@dzhoseff;Joseph Dillon
@OpsterOpp;Opster
@Joni_Looking;Joni Skibo/LaCroix
@HelenaofTroy60;Jo Anne Roberts
@UnitedHKJ;Harish
@Mont_Jiang;combat liberalism
@National_Digest;TheNationalDigest
@jrflamingo;Judy A Ross
@walton_vikki;ğŸ†˜TRUMP IS LYING, PEOPLE ARE DYING!STAY HOMEğŸ†˜
@lesliesusan27;leslie
@eclairevoyant;Gra'ma Banana
@neomort;Gabo
@goshdarngeewhiz;Indira Singh
@themunsifdaily;The Munsif Daily
@colderrthannice;ğ“¡ğ“®ğ“®ğ“­ğ“¼ğŸ‡±ğŸ‡§
@xxvii_27_;XXVII
@MeetsSarah;Sarah Meets
@Mainrushun;Lara Demidovaâ˜­
@JosephamillerII;NOT RATTLED Joseph Miller
@DownWithTrump51;Amy's Daddy
@RobinHoodlums;Just Barry
@Putin_the_nuke;Putin
@StenHubinette;M. Sten D. HÃ¼binette
@GazabOfficial;gazab.official
@MMCOWRD;MMCOWRD (AKA.. MadCow)
@Specs_52;Speconidas I
@MarleneMalik2;Marlene Malik
@AMCostaRicaNews;AMCostaRica
@ChrisLoesch;Chris Loesch
@RSKazimer;Richard S. Kazimer
@ShellySin1;Shelly Sin
@Rebecca41356515;Rebecca
@GoodSteward17;Blair Steward
@frrankoceann;skybizarre
@MaisonDeUnicorn;unicorn wrangler
@sardesairajdeep;Rajdeep Sardesai
@lindacaseauthor;Linda Case
@geokaren;Karen is Ridin with Biden
@vubblePOP;VUBBLE
@KeylanHarris;Keylan KFresh Harris
@TheWoofus;TheWoofus ğŸŒ¹
@Space48361074;Space
@CaldariWaifu;Sohalah Perevozchikovaâ“‹â˜­ğŸ”»â˜¦ï¸ğŸ‡·ğŸ‡ºğŸ‡®ğŸ‡·
@MphoMfolo;Phobla
@Sm411R;SM411.R3PoRT3R
@YouGottaVote;YouGottaVote
@Dbltapp69;Taufiq Shah
@agusaleok;Guchi
@StormStryder1;StormStryder
@Deborah75639043;Deborah Smith
@oxfordanalytica;Oxford Analytica
@costello59;stephen costello
@rbisrb;RB
@DevarintiSiva;Siva Devarinti
@HouseHalas85;Tyrion of House Mormont
@TX_BLU_Girl;TheRvrChik
@garci32;Jaime Garcia
@DenicioDelToro;Denicio DelToro
@derya1ayhan;Ã–zlem TEKER
@EdwardCaddis;Edward Caddis
@SalimJabbour2;Salim Jabbour
@lockherup737;The Persistence
@chidvil08;Chidvil Gargava
@ulexon;hans muller
@bgmacneill;BgMac: Mask Up! trump OK w/ RU killing Soldiers
@mrbarnard1;Michael R. Barnard
@truth_n_facts24;truth_n_facts
@Nancy10Sone;CrossfireHurricaneğŸŒŠğŸŒŠğŸŒŠ
@RoicephusP;Roycephus Pulsiferre
@Rajababu786;mahesh
@ukiboiii;Moody AllenâœŒğŸ»
@KaeBender;Kae Bender
@YshrjPatil;/YashrajPatil/
@BesaneGosolar;BeSane. GoSolar
@deLaMystique;Ğœurat ğŸŒ¹
@cho_cats;cho bot
@Barbkeckler99;Barb Keckler
@WLOS_13;WLOS
@ANCALERTS;ABS-CBN News Channel
@RohitBanawlikar;Rohit G Banawlikar
@dharmadude;Ripple ğŸŒŠ
@_dhays2;D. Hays
@Christi49527439;Jonathan Parker
@AndreaDan;Andrea Daniele
@Ella4the98th;Dr. E.B. Webster
@IndianExpress;The Indian Express
@lindapotyrala13;VikingforLife
@mcgrubin;alex
@TadeuszGiczan;Tadeusz Giczan
@skynetcap;skynetcapital ğŸ‘¨â€ğŸŒ¾
@Toniconfid;ToniConfid
@mikelm31;Michael Manlove
@humangeneric;humangeneric777
@DNNWorldNews;DNN World News
@amfibolije;åšè¨€âš’ï¸
@alaskarebel;Pink Freud
@Mystery15560058;Mystery
@roccogalatilaw;Rocco Galati
@DNNWorldReview;DNN International
@kals55;Kaye
@ganja_seeds;#Cannabis seed banks worldwide
@goddoesplaydice;deltax deltap~hbar
@Helens31Self;Helen Self
@MaguireLori;Lori Maguire
@schestowitz;Dr. Roy Schestowitz (ç½—ä¼Š)
@Gus_802;Gus ğŸ‡ºğŸ‡¸
@AshrutJain;Ashrut Jainn
@QueenPhillippa;Phillipa Charlotte
@DNBCNews;DNBC News
@lhamo62;Never Trumper for Life!
@MrBluePants88;BlueğŸŒ‘
@ScienceResister;Iowa Biologist for Justice
@VolgaTrader;Invest and trade with #Russia with us.
@itz_danialves;Unbroken
@BillTruthfinder;Bill Fleisher
@bitividi;bitividi
@gregmart;Gman
@desimurgesh;Desi Murgesh
@davidgraeber;David Graeber
@txantxibiri;Txantxibiri
@KleinfeldtStacy;Stacy
@MarnieRose2;Maddie ğŸŒŠ
@ShuvoR_;Shuvo Rashid
@vinaypande_TOI;Vinay Pande
@modalitiesMike;Mike
@3873_399;Arman Zardoz
@nadeemmirbahar;Nadeem Mirbahar
@JacquieWells4;freedom2020
@martine_elyse;Elyse Martine
@susankenn6;susankennedy
@DottirGongu;GÃ¶ngu DÃ³ttir _____ ğŸ‡®ğŸ‡¸ _____ ( ğŸ‡©ğŸ‡ª )
@LindaStartsOver;linda
@Vabapagla;Vabaghure
@Newzjunkie_;News Junkie
@fatimaallie7;Fatz
@JackTzu1;Jack Tzu
@arun120493;Arun Prasad
@VoicesVoters;ğŸ‡ºğŸ‡¸ VOTERS VOICES ğŸ‡ºğŸ‡¸
@Thuxedo;Not Brayo
@BlackawkLll;chistian Blackawk lll
@SsiddyyHaney;Sidney
@Shibumi101;Patricia
@siddhipanchari1;siddhi panchariya
@goeliath;Goeliath
@HollyHuntley3;Holly Huntley#Resist
@Lemazing_;SNORLAX
@alexandr_monday;Alexander Monday
@akamran111;Kamran Ali
@Liberal_TX;TX LIB If you wanna die, Trump is your guy!
@dcal4570;dcal4570
@BBopTop;Barb: Vote OUT that Demented Narcissist & the GOP
@TPPNewsOfficial;The Pakistan Post
@chssc1967;@chssc
@Tellawi;Nizam Tellawi
@Deeds46820608;DeedsğŸ’™âš½ğŸŒŠğŸ¸
@Oz_Kabotji;Oz Kabotji
@Rajan8998;DoGood - $LINK, a game changer!
@TCanseeyou;Tommy resistance- Listening to you!
@moremitmita;ye melata lij
@but_their;But Their Emails!
@PuneSuperGiant;SureShotCalls
@denisepets;Daniellapets
@MB3252;Mike B
@LargeUglyGuy;abiguglyguy
@KendraDrake94;Kendra Drake ğŸŒŠ Proud Democrat ğŸŒŠ
@jjsmokkieBOY57;juju
@WatsupAmericas;WatsupAmericas
@finestcuts;Terry ç‰¹ç‘
@ish_kee;TALKIN' ISH w/ KEE & E
@VisibleSoul;Zack Calhoon
@KendraStarz;Kendra Stevens
@MailOnline;Daily Mail Online
@Angry_in_A2;Angry@A2
@ZacharyBrennan;Zach Brennan
@MethodistMrs;Mrs. Methodist
@Sethinomics;Sumit Sethi
@Peaches52588560;Peaches
@prajnith;prajnith
@JlVoix;UNE VOIX
@Buttschnauzer;ÃŸÂµâ€ â€ Â§Â¢hÃ±Ã¥ÂµzÃªrğŸ´ó §ó ¢ó ³ó £ó ´ó ¿ğŸ³ï¸â€ğŸŒˆğŸ‡·ğŸ‡º
@ThePatrickRollo;Patrick Rollo
@kamero43;Nana
@hishaamkraft;blues clues.
@delusional_u;Delusional Donald Dope or Baby U Vote November 3rd
@frankhuzur;Frank Huzur
@JasonMeowthew;Masked Jason
@donaldsangel;Donald's Angel
@Lannatexasgal;Lanna
@4_the_babies;kim ğŸ˜·
@BetMeAndLose;Stever
@DueDiligenceBae;Paula K
@NoraFarr;Nora  M. Garcia
@RickSacrop;Rick Sacrop. ğŸ‡¬ğŸ‡§ ğŸ´ó §ó ¢ó ¥ó ®ó §ó ¿ğŸ¥‹ğŸ¸ğŸ¹ ğŸ‰
@fedupamerican19;fedupamerican18@gmail.com
@Mike23614;Mike236
@60sfolks;60s Folks
@KevinWalsh1956;Kevin Walsh
@NydiaPBonilla;NPBBK
@kushal232323;Resist
@Meribel123;Lesley Smith
@Puppoe1;Xeello
@AdiraAsh;Feonix SakurağŸ’™ğŸ‡ºğŸ‡²ğŸ’™
@DadHeretic;HereticDad
@RainbowsFart;I Fart Rainbows
@HarrisonFjord9;Harrisun Fjord
@GlennCu20551984;Glenn Curry
@p_sweett;PhoeğŸ
@StanKeaton;Stan Keaton
@lyonscm;Meredith Lyons-Crews
@SirenaMarbella;Sirena Marbella
@oconnell_ray;Ray O'Connell
@holyshiftt3;Holyshift13!
@tinameazell;Tina Meazell
@AdityaSTomar_1;Aditya Singh
@gwestr;Greg Wester
@DividualsTweet;â‰  Dividualism â‰ 
@abdallairteimeh;Abe@humrights
@truenorthpoint;Carlene Brown ğŸ‡ºğŸ‡¸ ğŸ†˜ ğŸŒŠ
@NYkrinDC;NYkrinDC
@Imbolc22;Crotaigh
@MaraBuieR;Mara Buie
@marrufodad;D the Dad
@ChristianHumano;Christian GuzmÃ¡n
@BluegrassInNYC;Love's in Need of Love Today
@Starbright489;Starbright48
@JrCheppo;Joyce Renaud Cheppo
@DrStephensonN;Doc Spanish Flu Ended WWII Stephenson
@Allison59798116;Allison
@olliecarroll;Oliver Carroll
@hbt247;HBT24
@wexler_m;Martha Wexler
@DarlaJeys;Darla Jo Jeys #Resister
@expedience2;Larry
@Macronomics1;Macronomics
@iamnirajacharya;êª€â…ˆğ•£êª–ğ•› â™
@_dtg_84__;dg2k20
@anabrakus;Ana Brakus
@markcalton2;mark calton
@RD1054;RD105
@NickB09121299;Nick B.
@TNvolzz;Barb Merritt
@GcMokhtar;mogri
@JonEntine;Jon Entine
@rightwirereport;rightwirereport
@Dov_EL;El-Elyon ×¢×œ×™×•×Ÿ ğŸ‡®ğŸ‡¹ ğŸ‡«ğŸ‡·ğŸ‡¬ğŸ‡§
@2673Bharat;Bharat
@Maddog23821265;Maddog
@Sheri1606;Sheryl Mendenhall
@batrasanjiv;sanjiv batra
@PaulCogan;Paul Cogan
@AndrewS90812090;Andrew Smith for the EU #FBPE #3.5% vive the EU
@DankMem61004763;Dank.memes.eveytime
@chelseahandler;Chelsea Handler
@Matahar38044059;Mata hari marychaney66
@villars_lucia;Lucia Villars
@MegablockFX;MegaBlock FX Official
@MDrugist;RajğŸŒŸ
@pipster6611;Simone Perrier
@gaURavk91140072;gaURav kUmaR KALYUG BIHARI INDIAN
@shelcan2;shelcan
@BethYoungblood4;Beth Youngblood
@XI_interbrigade;XI
@lennardfjones;Fugacity (Presumptuous White Trash) Jones
@DMannXT;D Mann
@BeachPretzel2;BeachPretzel
@Ayman81274766;Ayman
@dianefrancis1;Diane Francis
@ruizzz4;ã‚†ãš
@rajivshori;rajiv shori
@BronxGirl1357;Maureen
@sundoghigh;Skip   ğŸ‡ºğŸ‡¸ğŸ‡®ğŸ‡±
@IoanaScr;Ioana Scr
@gomijacogeo;Gomijacogeo
@abhishekbondre;Abhishek Bondre
@shelby3a;Robert Peters
@BirdAngut;Bird Angut
@KaterinaRousak1;KaterinaRousaki
@CherylBatchelo3;Cheryl Batchelor
@DesertSunSet8;Desert SunSet
@HappyProgressiv;Proud2Resist!
@CatherineAMcLe1;CateMc
@tinasan05806292;tisane
@RoryPetzer;Rory Petzer
@Maxxkaptin;maxxed good trouble
@FreddieSJohnson;Freddie Johnson
@ivorycomm1;Lee Ivory
@MuhammadArifwdr;Muhammad Arif 48 UTD
@Deingirl;Dee Best
@melanieyap08;yap
@ladiesgun;Derringer
@btsy7;á—·á—´Tá”•Y N.
@BorisvanderSpek;Boris van der Spek
@car_mo;C Mobilio
@Crowley14Regina;Reggie x rino
@larry_cavallaro;Larry Cavallaro
@karnikakapoor1;Karnika Kapoor
@stonekoldsoul;Grey Witch
@danzantus;A de Weert
@YahooPH;Yahoo Philippines
@marco_vrg;Marco Vergari
@CBSEveningNews;CBS Evening News
@DaniGramFLA;Dani Downer the REALIST (& IT SUCKS) Graham
@jules_bec;jules
@MParekh;michael
@drgilada;Dr Ishwar Gilada
@PeterIlletschko;PeterIlletschko
@Sajid5122;SAJOO
@LibProgressive;Liberal Progressive
@skaupert;Sebastian Kaupert
@BrianGilmore12;B.R.G.
@RaeAnnEmerySAG;RaeAnn Emery-Posner
@madcow455;Bruce Hartman
@yogeshthakur8;Yogesh Thakur
@Megresistor;Meg
@Royaards;Tjeerd Royaards
@MattMurph24;Matt Murphy
@richarddeitsch;Richard Deitsch
@SBLewisSB;S B Lewis
@SomniNaut;Ğ“Ğ¾Ñ€ĞµÑÑ‚ Ğ¤ÑŠĞ¼Ğ¿
@TRbluerayguns;TheRealBluerayguns
@thaMysteryBox;mystery box
@EHoahell;EscapeHOAHELL
@cogasdvt;Kkramer
@CoolPerfection;Righteouness
@SeacatGardens;Carl Seacat
@Acliffe;David Blakely
@AuthorClaudette;AuthorClaudette
@factchecknet;International Fact-Checking Network
@TinPotDickTator;COVFEFE-19
@CintiNative;Doug Hensley ğŸ³ï¸â€ğŸŒˆ
@burckson_jude;JudeğŸ‘£
@efraim1977;seyid
@im_B1;Im_ğŸ…±ï¸ğŸ¾
@laughingis;Laughing is
@ann_rees;annrees
@I_Am_Koketso;Tau ya ga Seloane
@angeliquemariz_;Angelique Mariz
@fleetadmiralj;Trump is one giant [Citation Needed]
@AmaNYdvv;Aman Yadav
@luciopicci;Lucio Picci
@DMAE2;dmlew
@CarolynWither12;Carolyn WitherspoonğŸŒŠğŸ‡ºğŸ‡¸ğŸŒŠğŸ‡ºğŸ‡¸
@brown2bn4u2cy;Lolo
@JeffWiegner;Jeff Wiegner
@khalilkf;Dr Khalil Ahmad
@Gordonav02;Aaron V Gordon
@gdwjunkmail;PrincessConsuelaBananaHammick
@BNanOsaurusRex;B-Nan Oâ€™Saurus Rex
@German_Dictator;Captor Zone
@amandarivkin;Amanda Rivkin
@GrassiSportguru;Johnny Grassi
@sandcrapper;Wheat
@boomlive_in;BOOM Live
@gsdwnhllfst;GsDwnHllFst
@Constitution_7;(((TruthSleuth-Truth.Or.Consequences)))
@OsazeShabazz862;Osaze Shabazz
@IronBoy_Mind;Iron Boy âœ¨
@RT_com;RT
@prvvlhb;ğ“›.ğ‘¯-ğ‘©
@KatrinaNation;Katrina vandenHeuvel
@ryansbastu;oh fuck what now
@kraus_read;Read Kraus
@DanielKeemBot;Daniel Keem
@moxargon;Remulak MoxArgon: Intergalactic OverlordğŸ‘½
@tokyo_jon;Whistleblower Tokyo Jon
@Ihatetrump44;No one
@JoseVeg38028331;Jose Vega
@SleepyChuckTodd;SleepyEyesChuckTodd
@aleleeinn;Aleleeinn
@nmwolff;nmwolff
@LilDivaz1;LilDivaz
@dailystar;Daily Star
@mywaypress;mywaypress
@SukhePatte;Zain
@ElizeBiermann;Elize Biermann
@NCMmnUSA;NorthCountryMan
@seodonaldtrump;SEO Donald Trump
@dozaobrienmusan;Obrien Musango
@GABEG7414;#TrayvonMichaelAhmaudPhilando
@starlift1233;starlift1233
@CondeIdalina;Idalina Conde
@oilcitywyo;Oil City News
@toe_ing_ur_car;billy fogarty
@VittorioFerram1;ğ“¥ğ“²ğ“½ğ“½ğ“¸ğ“»ğ“²ğ“¸ ğ“•ğ“®ğ“»ğ“»ğ“ªğ“¶ğ“¸ğ“¼ğ“¬ğ“ª
@chngsptn;#JunkTerrorLawNow ğŸ³ï¸â€ğŸŒˆ #OustDuterte
@MightyCasey;Mighty #WearAMask Casey â˜€ï¸
@Rteefact;Rteefact
@FionaNicG;Fiona Fitzgerald
@LoveCat_Mickey;ğŸ’™Mickey Mouse NO LISTS
@itsanchuu;âœ¦ dani âœ¦
@Chantal71279306;ChantalBoucher3 CEO
@sejalbisen;Sejal Bisen
@Doreen_A_951;D.Asencio
@FloydGr55631053;Floyd Graham
@istikanchai;Jumana
@in180108;White_Lion #Limit #FB slowly
@KimoniRay1;Ms. Politically Correct â™¥ï¸
@suvashacharya;Suvash Acharya
@billylee1950;Native American voteJoeBiden Vote Blue No Matter
@perennion;ğŸ›¡âš”ï¸perennionâš”ï¸ğŸ›¡
@RobGill83240907;Telethink Health
@BMovieCafe;Writer Jack Morse needs a nap.
@AndrewParkerUK;Andrew Parker
@BettyEyes;Betty  Pierce
@lavndrblue;Cate #ExtraordinarilyNasty #BlackLivesMatter
@Sanityreturn2us;John Dodge
@mtungua_kay;â“‚ï¸tuğŸ†–wa
@KoritoPrime;Diego ğŸ³ï¸â€ğŸŒˆ
@AdamSchiff;Adam Schiff
@Urturelyprathik;100IV PG coords
@Gammacromatica;ğŸ“ 
@CheePowers;CheePowers Blog
@thehill;The Hill
@tinaort47682380;tina ortiz
@DeanHalter;Dean Halter
@word_in_edgewis;word_in_edgewise
@jenhansen31;Jen Hansen ğŸ³ï¸â€ğŸŒˆ
@sarah_meinzer;Sarah Meinzer
@Musickf;Musickf (BLM/LGBTQ+ ALLYâ¤ğŸ§¡ğŸ’›ğŸ’šğŸ’™ğŸ’œğŸ¤ğŸ–¤ğŸ¤)
@ColdWind11;Cold Wind
@chartreuxcat;Lorraine S. Haake
@THEPIGPRINT;vxnce
@njpt10;njpt
@ranjodhd;Ranjodh Singh Dhaliwal âœŠ
@HerbScribner;Herb Scribner
@JenniferLinn17;Jennifer Linn
@IamMama_M;Karla Morton
@Gaamuk;Ali
@Ann_get_me_out;Ann Noble
@Westcoastmaven;Louise Alexander ğŸ‡¨ğŸ‡¦
@jpcrowe_crowe;triffid
@DianeShamp;DianeğŸ‡ºğŸ‡¸
@davidwaynebill;david
@tedejr;Ted
@DrShail54889466;Dr. Shailendra
@BuckBurnash;buck burnash
@DaveOnlyJones;David Jones
@randytoska;randy  toska
@navymomkelly;VoterIDNow
@KennethDekleva;Kenneth Dekleva
@KimRuxton;âœ¨â˜®ğŸ’™ Kim Ruxton ğŸ’™â˜®âœ¨
@JusticeToAll;"JusticeToAll ~ ""Vote By Mail!"" ğŸ“©ğŸ“¬âš–ï¸ğŸŒŠ ğŸš€"
@EddieDexter;Mangaka Ed D Stewart
@sakaniogu;lyndon higgins
@theszasz;Andrew Szasz
@SteinBergRD;Ramy's
@bijou_hotel_bnb;Bijou Hotel - Firenze Florence Florencia ä½›ç½—ä¼¦æ–¯ ITA
@ZoPlaatjie;Mbathane
@jacquesdvos;Jacques de Vos
@aryansacrasm;ÙÙÙÙÙÙÙÙÙ
@Tillman_40;Tillman 40
@richdownunder;Richard ğŸ‡ªğŸ‡ºğŸ‡¬ğŸ‡§ğŸ´ó §ó ¢ó ³ó £ó ´ó ¿ğŸ‡¦ğŸ‡º
@KarenGuffey3;Karen Guffey
@CityFalcon;CityFalcon
@Orwellian25;George Orwellâ€™s Ghost
@TeaPotUSA;TeaPotUSA
@Ppl_JohnMiller;Dale Hankins
@ramobile;ramobile
@dixarth;dixarth
@MehmetK46006186;Mehmet Kartal
@mirakyz;Mira Kyzyk
@VascoOrey;Vasco Orey antunes
@IncognitoA33;A33Incognito
@DanBurnsCisco;Dan Burns Cisco
@Tyxyzy;Holmes
@LouAlbanorocks;Lou Albano
@pinata_candy;áˆ…áˆŠáŠ“ğŸ­
@ReaCola;Rea
@AndrewCams;Andrew
@WorlDisorder4;Lourdes
@raissawriter;Raissa Robles
@Rosiemonstre;ğŸ‡®ğŸ‡ª Rosiemonstre ğŸ³ï¸â€ğŸŒˆ
@criticalthawt;Andrea Cabral
@GRevmgbrown4;Dr. Melvin G. Brown
@du_ismagilov;Dmitry Ismagilov
@__imritik;Ritikkrm
@RubenVe94833065;Ruben Vega
@MarkRob27725775;Mark Robbins
@Hoorsheikh9;Asma shiekh
@TwitBot205;Giorgi
@Fedayn1937_;Najid
@Tec_umseh;Tecumseh
@heneralemilio69;AngUnangPanguloNgPilipinas
@VinayDokania;Vinay Kumar DokaniağŸ‡®ğŸ‡³ | à¤µà¤¿à¤¨à¤¯ à¤•à¥à¤®à¤¾à¤° à¤¡à¥‹à¤•à¤¾à¤¨à¤¿à¤¯à¤¾
@WritesBright;Sam Bright
@ocathome;Brian O'Connell
@skmysteries;The SKmysteries
@JaneBurgermeis2;Jane Burgermeister
@Savus2019;American. Progressive. Deal with it.
@JennyElia1;JENNY Ù…Ø´ Jennifer
@antonquasimodo;Toner Low â˜•ï¸
@notoriousOld;Witch Queen
@Richard72126227;RW
@Rebbieeeeeee;Rebb is for ğŸ‡µğŸ‡­ â˜®ï¸ âš–ï¸
@GeorgeArtwell;Rodrigo Figueredo
@Mdewakanton;RaiÅ‹ ClaÅ‹ DakhÃ³ta
@clack_bonnie;Bonnie Clack
@ashwinsatyadev;Ashwin Satyadev Tiwary
@is_that_jugal;à²°â•­â•®à²°
@BenjaminHarvey;Benjamin Harvey
@RogerHanney;roger hanney
@TySHolland;Tyâ„¢ Holland
@TarasDemerson;ğŸ˜·=ğŸ˜ US Intel will shock the world this week!
@hav0kc17_;a.lemu
@az_garden2007;Winston Smith
@FourWinns298;ğ“ğ“¸ğ“¼ğ“¯ğ“®ğ“»ğ“ªğ“½ğ“¾
@imkanra;JUNK TERROR BILL || BLM
@Scott_Dueweke;Scott Dueweke
@Gadervy;Gadervy
@DoWeTrustThem;A QUESTION OF TRUST
@JS_Brooks;Brooks
@MediaModerated;The Moderated Media
@iMAGGIEnary;á´á´€É¢É¢Éªá´‡á´›á´‡á´€Ê€á´Šá´‡Ê€á´‹Ê
@DocDavePerez;Dave Perez
@TheLastKiingg;TheNewAgeFarmer
@mick_comedy;Mick Gledhill - Dogfather Comedy
@robins_sh;Robins shrestha
@amitkumarz;Amit Kumar
@GlasnostGone;Glasnost Gone
@Suchindranath;Suchindranath Aiyer
@kimshurtleff;kimshurtleff
@breakingnewsit;What's Trending?
@silvanet;silvanetğŸŒŠ
@PrabhakarSark18;Prabhakar Sarkate Patil
@evildex;Dex El, Visual Dude
@JohnTut60476496;H. Bosch II
@KukkuSays;ğ—ğ˜‚ğ—¸ğ—¸ğ˜‚ ğ—¦ğ—µğ—®ğ—¿ğ—ºğ—®
@GorseFires;GorseFires Collectif
@ptrbnzl;pter eeethaan ğŸŒŠ
@WasiqZayn;Zayn Wasiq
@theplaterogue;A fatal exception has occurred....
@GoranMa98;Goran ğŸ”´ğŸ†
@EdTruman3;"Bye, BYE; HARLEY-DAVIDSON !"
@Baker_Reports;Samuel-Baker Byansi
@sonofr;Rejoin and Reform. #RRFB. #3.5%
@msorchidea;âœ¨ğŸ’œKimberlyâ· âŸ­âŸ¬ğŸ’œ â˜ºï¸ Fan ğŸ”
@Baby_TalkBot;TrumpTalk
@8thKingofRome;EM
@Ashishs89292466;Ashish
@encaliente1;En Caliente Prensa Libre
@maggie_stratton;Maggie Stratton
@samajweekly;#samajweekly
@joimbow;Joel Bowden
@Technocrat21mb;Kev
@LeeAnnMessenge1;Lee Ann Geiger Messenger1ğŸŒŠsupporterğŸŒˆNO DM#resist
@glendaspillma;Glenda
@gradam1;Grad
@GhesWhaaat;Grant
@DebbieDoesOhio;Deborah O'Brien-French
@HaryMcormack198;ğŸ´ó §ó ¢ó ·ó ¬ó ³ó ¿â™»ï¸ğŸŒ
@aSpikeCeeJoint;CamRon
@buddy_dek;Buddy Dek
@JeremydeStAmour;Aaron
@gabrielregino;gabrielregino
@CHConservative1;Chris
@BklynBigDog;Time to Act Now!
@Quinten_Shakir;Quinten Jolly
@TerenceKnott1;Terence Phayre Knott
@DeNachtuil;Ronald C.G.
@InTheNoosphere;THE TAO OF NOW
@Ola___Ragnar;Gusto.
@LilPanks;Lil Panks
@Sebastian0031;Sebastian
@ashokraopatil;Ashok Patil
@tweetMalena;Malena-Anti-racist #VOTEBYMAIL ğŸŒŠ & Fight Tyranny!
@EswaranWaran2;Eswaran Waran
@TalkingBagHead;TalkingBagHead
@Sharyphaa;ğ’Ÿğ‘œğ’½ğ’¾ğ“ğ’¾ğŸ¦¦
@Squirrel_MA;Squirrel_MA
@yanie_srikandi;Ğ¯Ğ½Ğ¸
@jacquedennisja1;jacque dennis-jackson
@cornyMDstudents;Smiling, MD
@KMM_Hossain;M Hossain
@JOYBCB;Joy P
@sixtyfix;Terry
@neonredcs;bert
@news_epidemic;The Vial
@lise_latulippe;Lise Latulippe
@MAJDRBPSINGH2;MAJ DR B P SINGH,SG Medallist*(SIACHEN GLACIER*)
@icopilots;Philippe MÃ‰DA ğŸ‡ªğŸ‡º
@DwaipayanChef;Webnews 21
@Johnnymal4;Johnny mal
@JustOneWeeWorld;Internationalist
@jackwhyte;jack whyte
@realAnjiolina;Anjiolina Nakaya
@pradeep13189;Pradeep
@BEKHTAOUIYOUSS3;BEKHTAOUI YOUSSEF
@Decosty1;Er Decosty Choudhary
@Seapaws;Michelle Sylvester
@dinabitar89;TÃ¼rkiye'de Bi YabancÄ±.
@ZZBottomHL;foneco zuzu
@Bollocks_Dogz;Dogz BolloxğŸ´ó §ó ¢ó ¥ó ®ó §ó ¿Right Wing News
@Bavuma__;ilukhanyğŸ’¡so
@Starnews_GH;StarnewsGH
@NewsmeterFacts;NewsMeter Fact Check
@KBYzaNet;KBY.za.net
@theowais16;Muhammad Owais Khan
@MichaelLee2009;Michael Lee
@njresmcoc7;NJtechrt
@cripttext;Cripttext
@CarrieFriend49;Carrie Friend
@DennisManlapas;Dench Manlapas
@Ricky77939990;Ricky
@NewsnowNigeria;Newsnow Nigeria
@endernem;Nico
@Mountie31;Ben Mitchell #RejoinEUğŸ‡ªğŸ‡ºğŸ³ï¸â€ğŸŒˆğŸ‡¨ğŸ‡¦ğŸ´ó §ó ¢ó ·ó ¬ó ³ó ¿
@VatsaShah;Vatsa
@RFERL;Radio Free Europe/Radio Liberty
@BarbaraRacek;b. insights
@kimby1556;Kim Corrigan
@soni_saty;satyendra soni
@shaydean0724;ğŸŒŠResign-YesterdayğŸŒŠ
@MarkVillacampa;Mark
@iamjnehal;Zinda à¤¦à¤¿à¤² â™¥ï¸Ø¬Ø§ÙˆÛŒØ¯
@fries_send;TOM CRUISEğŸ‡µğŸ‡°ğŸ‡³ğŸ‡¿
@Programm3rHumor;Programmer Humor
@SissyDana54;sissy Dana
@MorrisonCSIS;Steve Morrison
@LeChatNoire4;Le Chat Biden Democrat
@SafetyPinDaily;SafetyPin-Daily
@helloworldnews2;Hello World News
@yulspencer;Yul Spencer
@CGH54;Colin H
@Nuclear_Kitties;florkle
@kateacosta5;kate acosta
@BalkantimesPR;@BalkantimesPR
@Danaslewis;Dana Lewis
@SpanishDan1;SpanishDan #FBPE
@tverma332;Tushar
@JScottOates;NC Peace Dog (Scott)
@tonyocruz;Tonyo Cruz
@YassinThis;tsuki
@EngageStrategy1;Engaging Strategy
@SMS86129324;#FliptheSenate and Clean up the House of enablers
@MsBreezy863;Lee Baldldridge
@Linda_Marric;Linda Marric
@Sooriclover;sooriclover #BidenHarris2020
@Newzroom405;Newzroom Afrika
@Roderick_Heath;Roderick Heath
@viveka;Viveka ğŸŒ³ğŸ”‹ğŸ§¬ğŸ©¸ à¤µà¤¿à¤µà¥‡à¤•
@lwand0o;Xhosa Ntonâ€™NtonğŸ‘·ğŸ¾â€â™‚ï¸
@DrASKassimHSC1;Dr A S Kassim HSC
@jbenchaya;Judith Benchaya
@IamAOT_;Ø§Ø­Ù…Ø¯ Ø§Ø³Ø§Ù…Û Ø·Ø§ÛØ± ğŸ‡µğŸ‡°AOT
@randzejude;1000 ğ•—ğ• ğ•£ğ•ğ•¤ ğ• ğ•— ğ•—ğ•–ğ•’ğ•£ ğŸ¦‚ğŸ¦ğŸğŸ¦–ğŸ²
@iammalickzayd;MÃ¡lÃ­k ZÃ¡yDğŸ‡µğŸ‡°
@stitou94;Ewing Draper
@uhh69232684;uhh
@FaridaZeynalova;Farida Zeynalova
@CAllstadt;nala
@Publicinconvene;PubliclyInconvenient
@RobertAlstead;Robert Alstead
@YancyFaith;YancyFaith
@natyaunderhill;natasha dromey (nÃ©e underhill)
@InCoronavirus;Life in the Time of Coronavirus (and killer cops)
@Francesc_Forex;Francesc Riverola - FXStreet.com ğŸ—
@CofradiaSanta;Our Lady of Lourdes Prayer Circle
@LTmateu;Lucas Mateu
@neelam45678;Ã‘eÃˆLÃ¥MğŸ–¤nEgÃ®
@PanahonTV;Panahon.TV
@BBCPropaganda;â’·ritain â’·attles â’¸ovid
@FranzNeumann10;Franz Neumann
@extranghero__;Jordan
@phaack_aff;Shivendra  Singh Rajpoot
@Kaili2003;Garrett Wells Jr.
@wmcarterelliott;Survivor
@ben_mcwha;Ben McWha
@Tuitwe;Sudipta Basu Chowdhury
@EeHRN;Claudia Pagliari
@SusanDaisy3363;Sue ğŸ˜·
@alimadnaan;Alim
@Frank_wh;Wies Frank
@Honeybeeontime;Honeybee ğŸ is all about Good Trouble. ğŸ’›
@PT_Foundation;Peter Tatchell Fdn
@retweetnews2019;Retweet News 2019
@FroydogM;milly rae
@EpicHermes;Dr. HT
@Papyrus_eBees;Gaster's Shitty Son
@prashahahahant;Prashant Singh
@kurgat_de;Denoo kurgat
@duncan_matthews;Duncan Matthews
@GrrlGhost;isolated dogfriend
@Seekingtruth517;Cageclimber
@Commuternyc;Commentator
@windies4life;SpiceBeat
@DumpLiarTrump20;Ted Atz
@readingandphilo;Dennis Apolega
@GierlakDavid;David Gierlak
@ichheise_IX;IÌµÌšÌ²XÌµÌ‰ÌŒÌ‰ÍÍ›Ì¾Í”
@exclusiveaccts;ğŸ’«LF: ACTIVE RESELLERS ğŸ’«
@BroheTycho;drunken cambist
@LaowaiBlack;Robert Black
@rosepoet;rosemary rimmer-clay
@HolyMole;96.5% Dude 3.5% on the streets
@kxly4news;4 News Now
@BaghdadPostPlus;The Baghdad Post
@MoscowTimes;The Moscow Times
@ply32;Brandy
@McFaul;Michael McFaul
@BakhaiOsama;Bakhai
@ivan8848;ivan
@FableMak_DBN;WalkerğŸ‡¿ğŸ‡¼Scott
@seoyehh;ElÃ­jah
@DesignMaster100;DesignMaster
@09mitali;Mitali Chatterjee
@AttyRossBart;AttyRossBart
@NidalChami;Nidal
@D_A_N_C_O_X;Dan Cox
@mokvohk;Paul Lenhart Welch
@DrKevorkO;Dr. Kevork Oskanian
@KVenator;Kafimbwa kaoma
@ChinaTaiwan1c2s;Yanyanki157@gmail.com
@HollyEllyatt;HollyEllyatt
@AswiniMohanty13;Aswini Mohanty
@5ccollective;Jacob Devaney
@EvangeliTron;The Daily EvangeliTron
@KalviGalaxy;Kalvi Galaxy
@_BeHuda;MaalKinğŸ
@FrancieJones;Frances Jones
@ShelettaIsFunny;Sheletta Brundidge
@JustJulie12345;The Ant, not the Grasshopper
@MatthewBevan;Matt Bevan ğŸ™
@7NewsMelbourne;7NEWS Melbourne
@shaggyskunk;Shaggyskunk #BLM ğŸ‡¨ğŸ‡¦ğŸ‡ºğŸ‡¸
@jibodrift;Jibriel_AMARRETTI
@Jane_says__;Jane ğŸ‡ºğŸ‡²â¤ï¸ğŸ‡ºğŸ‡²
@Iqbal_WHYUNO;Iqbal Yusuf
@russia_mti;MTI Russia
@p5599a;Karl æ®‹æš‘ãŠè¦‹èˆã„ğŸ‰ğŸ¤µğŸ‘°ğŸ’•
@JeremyFarrar;Jeremy Farrar
@ImteshalSarfraz;_.imteee_shaall._
@peggydearey;james gallagher
@viceasia;VICE Asia
@tin_tinola;kristen
@RogerKnisely;Roger Knisely
@HotDoggerel;Bob Speth
@MichaelTJasper;MichaelTravisJasper
@dronedept;drone department
@Eire353;Esther ten Wolthuis
@ekoskaiphos;Dean Edwards
@telgray1;telgray
@NirajBora3;Niraj Bora
@peacefoodmusic;imperceptibleğŸ’œsymphony
@paulwalteruk;paulwalteruk
@dwatchnews_nam;DWatchNews N America
@lalashwa;Rohit Dhakras
@Poolysanimate;ğŸš
@DailyRahnuma;The Rahnuma Daily
@Kinsellas;Stephen Kinsella
@Tecnoestres;Tino GonzÃ¡lez
@Bobellis10k;Bob Ellis
@AnNajamUsSaqib;Ø§Ù„Ù†ÙÙ‘Ø¬Ù’Ù…Ù Ø§Ù„Ø«ÙÙ‘Ø§Ù‚ÙØ¨Ù
@abandraite;abandraite
@bneintellinews;bne IntelliNews
@anjelsborjer;jels
@TheFuse984;THE FUSE
@swissbusiness;swissbusiness
@PendanticBalwyn;PedanticBalwyn
@IlmariSepponen;Ilmari (Imma) Sepponen
@007Haarp;Brian Vaughan
@5evahlovingLANY;__METchekk_MMishanneeeeâ—
@Tohieeeed;ØªÙˆØ­ÛŒØ¯
@ABolsius2;ABolsius2
@BlueprintGreece;BlueprintGreece
@Pawankumar8109;Trading is fun
@NajmuSa71195651;the boy from Kashmir ğŸ’“ğŸŒ¿
@_rainaxx_;R A I N
@Ramkshrestha;Ram Kumar Shrestha
@pratikpanchal06;Pratik Panchal
@ravapk;Rava.pk
@jrterrier5;I-See-Clowns ğŸ¤¡ğŸ¤¡ğŸ¤¡
@Mortis_Banned;Ğ”Ğ¾Ğ¿Ñ€Ğ¾ÑĞ¸Ñ‚Ğµ Ğ“Ğ°Ğ»Ğ°Ğ´Ñ€Ğ¸ÑĞ»ÑŒ â¤âœŠâœŒ#NotOurTsar
@marymatt718;Donna Matthews
@Heydar_Ross_K;H. Ross Kawamura
@williamjschill;William Schill
@zeusanna;zeusanna
@TheDailyNewsngr;The Daily News Nigeria
@Milanowekpet;Peter Schellinck
@reneerhose;ğŸ‹
@olivierstevens;Olivier Stevens
@AlinkaKalinka;ĞĞ°Ñ‚Ñ…Ğ½ĞµĞ½Ğ½Ñ
@TheBoB_show;Beyond our Borders
@Raw_Bee;à¤°à¤µà¤¿ à¤†à¤šà¤¾à¤°à¥à¤¯!
@BoilerRoomTweet;XO
@n3w4v3;davidorama
@CaptainCyril;Cyril Joudieh
@Edward733;à®œÛ©áƒ¦Edward Shimáƒ¦Û©à®œ#æ„›
@brianbyname;itâ€™s mauve bro
@caracal;Caracal - #EUnited #Rejoin
@observerug;The Observer
@kittykatty2020;kittykatty2020
@birdyyodas;MoonLight StarBright
@MichaelJecks;Michael Jecks Author
@VijayPalmiano;ğ“¥ğ“²ğ“³ğ“ªğ”‚
@FarmWuwei;kara j lincoln fund rising, `i come to talk story!
@momurichii;ë¦¬ì‚¬ë§ˆë¦¬ LisaMarie NievesğŸŒ¸
@nevesilvajoao;JÃ£oÃ£o
@shafayethosse15;shafayet hossen
@AlexandraRDprog;Alexandra RD
@ivijayjadhav;Vijayakumar Jadhav
@Dizzedcom;Dizzed.com
@Eduwadiae;Uwadiae Eddie
@capfantastic;Carolyn Ellis
@divasdelite;Livingmedia
@chromium_254;Review
@ranaalikash;Afeef Ibn Albra
@DTretweet;RTDT
@IND_Bharath;Bharath ğŸ‡®ğŸ‡³ğŸ‡·ğŸ‡º
@popthatvibe;popthatvibe
@electsub;ğŸ‡ºğŸ‡¸ RobertBrack
@BootsieCup;BootsiePeanutButterCup
@lulubir67298641;lulubird
@abati1990;Reuben Abati
@PacificChef;Zachary Mazi
@WaseemA75747647;Waseem Akbar
@seanjquinn;Sean QuinnğŸ‡¬ğŸ‡§ğŸ‡®ğŸ‡ªğŸ‡ªğŸ‡ºğŸŒğŸ‰â›µï¸
@SeaChelonSand;CoolAsCucumber
@midhatkidwai;Midhat kidwai
@James_Tacss;á´Šá´€á´á´‡sğŸª
@Kiwi_CGFX;Kiwi_CGFX
@nash_abraham_;NASH THA GREAT ğŸ¦
@zombiwombat;The Masked Prevenger
@_OregoleleM;Bikinyana
@cogburn44;Nancy Cogburn
@q_observations;The Observations
@siddharma;Sid Acker
@MPSAC;Mildred Pennington
@DealsZaap;DealsZaap
@johnhuxtable31;@Johnhuxtable31
@dr_tingate;Trevor Tingate
@andreafed;andreafed - BidenHarris2020
@Sandesh_umathe;Mr.Sandesh399
@Vaalandspibaa;Eirik RÃ¸mcke
@ElMonstruoIlust;ElMonstruoIlustrado
@emeasports;EMEA Sports
@oochan2017;èµ¤å²©ã€€æ²»
@TestWithScience;News or Propaganda?
@mikelimtw;Devin Nunes' missing left testicle
@JimGumboc;Jim
@chescajacinto_;chesca
@itsthomasssdesu;ãƒŸãƒ„ã‚­
@Femi_Sorry;Femi - My mask protects you. Please protect me.
@Jagger04444;mentos
@Witty_Daddy;Sujib Chandra
@mhiey3on;marcella
@AlfonsoTheOne;Hi itâ€™s me again ğŸ˜
@adaptiveoptics;Mark Rushing
@SheryldesuX;Seaweed #DioxSpeedwagonNow!
@iMoosabhai;Mohammed Safwan
@superfabis;Fabis
@Sollencia;Sollencia
@GautamSpeaks94;Gautam Chowdhury
@mhdfaran;Mohammad Farhan
@IsaithSantos;Cris Isaith
@DrFifiRx;Fif de Florence
@azuk1le;uMhlaba Ngoku âœŠğŸ¾âœ‹ğŸ¾
@BeachBaby63;ğŸ‡ºğŸ‡¸Biden/Harris 2020ğŸ‡ºğŸ‡¸
@ALIGO786;M YAMEEN Ù…Ø­Ù…Ø¯ ÛŒØ§Ù…ÛŒÙ†
@jjudgeusnot;judgeusnot
@DylanMc50991216;Dylan Mcnally
@southasiansnews;South Asians News
@libertyIAB;Liberty
@Aditya98018259;Aditya bhanushali
@lamlokyihk;lamlokyihk
@narcissist_imU;Mir imran Firdous âš¡ Ù…ÛŒØ± Ø¹Ù…Ø±Ø§Ù† ÙØ±Ø¯ÙˆØ³
@TimothyPaulMon3;Timothy Paul Monk SR
@santiagoralph_;ralph
@noymed_cro;NoyMed CRO
@TheWorldNewsENG;The World News
@tayvmin;âŸ­âŸ¬ ğ‰ğŒğ’ğ–ğˆğ…ğ“â·
@Oesch13767736;Unface the truth
@Mikeggibbs;Mike GibbsğŸ³ï¸â€ğŸŒˆ
@thaitvnews;@thaitvnews
@naijacenternews;The London Post
@Jimbo0o0;Jimmy Persson
@Nkttwebtv;Weld Bessid,Olah
@richfrancese1;Rich Francese Comedian
@khanna_kiara;Kiara Khanna
@Lania49767619;Lania
@BluuWave2020;ğŸ‡ºğŸ‡¸ ğŸ‡ºğŸ‡¸ ğŸ‡ºğŸ‡¸ VoteBlue2020PresidentBiden ğŸŒŠ ğŸŒŠ ğŸŒŠ
@tatertotswtv;bish dont kill my vibe ğŸŒˆ
@ManojPadwal01;M A N O J
@24kpepe;24Kpepe
@pooza_s1;Puza TimilsinağŸ‡³ğŸ‡µ
@That_Politician;That_Politician.
@vybealone;BABYLON
@_DPSingh;DPS
@OwnistYash;Yash ğ“â˜»
@navycapital;NAVY CAPITAL
@ItsAbir96;Abir Sen
@BhaktSlayer8;Damodar das Modi ( I hate My son)
@the4thpip;the4thpip
@octoberus;Wayne Robert Hudson
@hudek_elaine;Elaine Hudek
@HerbologyN;San
@KPete54;KiwiPete54
@RicheezzZ;â™¡
@NotedNames;NotedNames
@Ispy_yu09627538;0n 2 y0u F0015 ğŸ‘ƒ#KBF
@AlgorithmDancer;Kara Finn
@zlabiz;Zla Official
@Paul68958640;Paul
@RafiUllahBajwa1;Rafi Ullah BajwağŸ‡µğŸ‡°
@The_NewArab;The New Arab
@Hussain87866718;Hussain Tariq
@AbbTakk;AbbTakk
@SirRencee;Brrrrrrrrtt Brrrrtttt??
@elkemphillips;elke
@twittvivian;Oluchi Vivian Uche
@PratibhaShalini;Pratibha ShALini
@veritas5000;F Columbo
@travitron1000;DirectActionWorks
@CTyroneD;CarlT ğŸ¦¾ğŸ’¯ğŸ‘ŠğŸ½ğŸ•¶ğŸº
@sporkbot;sporkbot ã€ğ–¤Big Demon Energyğ–¤ã€‘
@meefro;MEEFRO
@iamjuandiego225;Juan Diego
@Blinke11;Blinke
@NilofarSamani;Nilofar Samani
@medicaldialogs;Medical Dialogues
@wDTACypz1sB3PW7;.....
@msnlumemes;Meme Society NLU
@InnKeeperEZ;EZ
@PTIimrankhaan;Imran khan*
@BlumeYuki;Yuki Hosokawa
@PierreDeChimpo;Pierre DeChimpo ğŸ’
@Seff18160840;Zexfinger
@LOudestVibE;Filipe
@ThePeaceChick;Nancy M-kick ass political activist
@mjarela;MARIAAA â™•
@Bdrabjr;Ben Drab
@Diane89087714;Diane
@DOCisChief;Demon Thyme
@DDOW_twt;Daily Dose Of Words
@ann_antique;AntiqueAnn
@DassMrinmoy;Mrinmoy Das(ãƒŸãƒªãƒ³ãƒ¢ã‚¤)| savedehingpatkaiğŸŒ¿ğŸŒ±
@KatNCreem65;Kat Stratton
@ColdWarCrush;Blake Vincent
@qwortixx;andriansyah
@JimDuckett1;Jim Duckett
@Photogirl1050;Susan Brown
@600feetunder;joe mack arthee
@lol_itshannah;laura
@RealMarvMeister;Train of Thought
@FPSK_LLC;FPSK
@WolfMother19;WolfMother
@chaitutalasila9;Chaitanya ChowdaryğŸ¦
@sgutterman;Steve Gutterman
@BadboiBibi;Brix
@B_S_Spring;Ú†Ø´Ù…Ù‡ Ú†ØºÙˆØ±Ø³ÛŒØ§Ù‡
@bhagdip143;Bhagdip
@LansingsTommy;Thomas Davis
@paolo_velasquez;pawpao ğŸ¾
@im_conundrum;ã€ kian ã€
@hellzyr;zyr.
@JokozelaM;Jokozela Mntungwa
@physicsmonk;Physicsmonk
@TheKashmirPress;The Kashmir Press
@evilrobotdog;EMERSON/VAN ğŸ¶â˜€ï¸
@Powaymom2;Wendy Morray
@Bebiboy65;Bennie Bivens
@Marco55139885;Marco
@tulumbaba1;hunterinshade â¬¡
@hxlyghoust;ğ–ğ–†ğ–’ğ–Šğ–˜ âœ
@KamranK64870244;Kamran Khan
@httpstraykinqs;nenuca!
@NalinKondle;Nalin Kondle
@_1_last_1;Binod
@JmnairM;JMNair
@CreatorRees;Peter Rees
@CarmanK1;CarmanK
@MoonbeanCN;Moonbeam
@BreakingNewPak;BreakingNewsPakistan
@mendez1370;Louise Mendez
@kaldottoarts;kal | COMMISSION OPEN
@51snowKim;Tom Kim
@tinzSantos;Tintin
@irikbogumkoyu;Iric Bogum
@zimlive;ZimLive
@E13Akasha;"Black WidowğŸ‡ºğŸ‡¸""Doc""ğŸ‡ºğŸ‡¸How will this end? #Maskup"
@RichardEgdom;Richard van Egdom
@rmnd_jsph;armand
@Motorad666;Motorad666
@JamesCMia;James Cunningham
@JVPehrson;Jeff Pehrson
@june__irl;me
@DennisDee21;El Padrino
@52124126;Jeffrey Boone
@PiperK;Karen Piper
@wedonopeneyes;eyeswideopen
@brotips;Brotips
@SteeNyamu;Certified RoadMan
@AngryAndhrawala;CaptainNomadğŸ¦…ğŸŒ„â˜­ğŸ‡®ğŸ‡³ ğŸ”¨ğŸš©ğŸ‡µğŸ‡¸
@JoseLoggan;ğŸ’Jose.Loggan
@TheTweetOfJohn;John FitzGerald
@philimma4u;Alexander Philip
@jmarine;jmarine
@Garou_Hidalgo;Enrique ğŸ§ğŸˆ
@_abdul_hadi_1;Abdul hadi
@MemeBeingIndian;White_Coat_Memes
@blanc2618;Brian Lancet
@WKBabb;Bill Babb
@pondbridge;Peter J. Clark
@akakko86;Ash
@SBDas68173924;S.B.Das.
@toothfairy_doc;Dr. Ossein Tusk
@Miyahoka;Rochelle
@mimTN;"alice ğŸ‡ºğŸ‡¸ ""All roads lead to Putin"" ğŸ‡ºğŸ‡¸"
@kormylo1;D. Kormylo
@Cath0709;Cath Davis
@DallasL60050018;Dallas
@mchancecnn;Matthew Chance
@bdub119;Shifty
@Kathy_Edm;Kathy T
@JagranEnglish;Jagran English
@Virende17958230;Virendera
@LaserHairWar;16ft 3in
@kaeshurminati;Lag Bag Binod
@smack_mama;Smack Mama #Resists
@Jobehhhhh;I'm a Potato
@iamjahanzaibch;JahaÙ†zaib Ch
@PHX2YOW;Sam I Am
@marhafunn;marta chrestin
@arty_boone;art boone
@matthewfederman;Matthew Federman
@SFSgt68;SFSgt68
@S247Ro;RoS247
@DeeStonewall;Dee Stonewall
@aaugh;PAUL YEE
@LindokuhleMtolz;ğŸ€LeeNarğŸ€OluhlerğŸ€
@peanutthedoxie;Ronnie Coffman
@drhakkim;Dr.A.Mohamed Hakkim
@NewsFakerBot;Fake News Generator
@T_W_Edge;The Winning Edge
@joji599;George Doulias
@SandaBlueDeux;SandaBlueDeux is doomscrolling
@timolarch;Timo #citizenofnowhere
@rosegoldbutch;andrea dworkin stan account
@egrodan;Eric Grodan
@fuckinshithouse;fuck this shit
@camii0108;CÎ±milÎ±. â™¡ ğŸ‡¨ğŸ‡´
@flitedocnm;flitedocnm
@Gender_Env;Afsana Yasmeen
@callie33142169;callie
@PrithviFCB;Prithvi Shetty
@l_lefauxpas;Lefauxpas
@NitishKundra;ğŸ’«Nitish Kundraâ¤ï¸
@indchili;Spiced up
@JimJimbo1986;Jim
@simplerusername;Ashley
@BasementTalk15;King Zellars ğŸ¬ğŸ¥ ğŸŒŠ #resist
@dkaminer2;Debbie Kaminer
@pamelavanbeekum;Pamela Van Beekum
@Rohith71815015;ROHITH GUTTULA
@ElizabethVSweet;Elizabeth Sweet
@Brown7Butch;Butch Brown7
@xqOCodJiWHEfDdK;Chang Zhang
@DudekLinda;Linda Dudek ğŸ‘âœğŸ¼
@LuzanoB;Galileo B. Luzano
@zadmakaveli;makaveli
@vfmnr;Val
@Anythingpork;Dan Gerous, Inc.ğŸ·ğŸ˜·
@politicalHEDGE;Political HEDGE
@KhadarienX;Kd. â
@GophersForever;Gophers Forever ğŸ˜·
@PapaESoCo;PapaESoCo
@123southwind;PAUL GRANT
@The_Patriot_USA;Patriot
@Dontatmecuh;Omo Odua
@Ponysoldier_;#Byedon
@RJSameenKhan;RJ Sameen
@ABN_FilmAnalyst;Abin Saji
@BCMamaLaine;ğŸŒŠğŸŒŠMamaLaineğŸŒŠğŸŒŠ
@CovidCrona;Crona Covid
@npxDarkEdge;Poor Choice of Words
@OnlinePutin;Putin's Online Ambassador
@Solange_Sonnier;Solange Sonnier
@tomablogger;tom choad
@fyrcely;fyrce
@_javeri_;Kaveri
@Buffalokev;Kevin Marks
@GregSoriano5;Greg Soriano
@Moha87574655;Moha
@funnygrl006;OutofControlinTexas
@dtsegs;Elaine Suity
@DiamondKKai;ğŸ„â€â™€ï¸ Kaiylexandra
@fahadkh51;Fahad Mumtaz
@kbac1997;à¤•à¤µà¥à¤¸ ğŸ‡³ğŸ‡µğŸ‡³ğŸ‡µ
@naynab15;filipinas
@2adenman;Andre T Denman
@st_aubrun;St. Aubrun
@dannielleee;dannie
@Bold_Leaf;êœ±Êœá´€Êœá´€Ê€Êá´€Ê€ Êœá´œêœ±êœ±á´€ÉªÉ´ |
@Dale_E_Hayes;Dale E Hayes
@DeepDish71;Aleksandar KlipiÄ‡ S~1/r2 â¬…ï¸â¡ï¸
@NamePrayin;PrayinJesusName
@teddyblair;Blair Boudreau
@DaveBur40277071;Dave Burns
@984inthemorning;Capital in the Morning
@Gaumrade;Marxist-Leninist-Cowist
@TandrimaChakra1;Everylifematters
@mferron;Mark Ferron
@iamsharadjadhav;Sharad Jadhav
@OccupySchagen;Occupy Schagen
@Canislu80463851;The Demon ğŸ˜ˆ
@SassySCV10;Sassy Sue
@enlightenement;EnlightenementNeededğŸ‡ºğŸ‡¸ğŸ‡¨ğŸ‡¦ğŸ‡ªğŸ‡º
@TheWalr20568181;The Walrus
@Lev2013MEorSTFU;"IrRev. Bruce Allan Ross-LLAPH ""An Ocean Of ER"""
@luv__rocknroll;MANIC DEPRESSION
@khanFazil18;khan Fazil.
@indiatoonskiran;INDIATOONS.COM
@DrewNagy1;Drew Nagy
@beth092666;Beth Boyer
@MartyBanton;Martin Banton
@BEEHIVETOURS;E T
@1337InfoWarrior;Redpill News
@johnhallam2001;John Hallam
@strictlynaija1;strictlynaija.com
@sddphoto;Sharon Dennis
@JennieLouLeeder;Jennie Lou Leeder
@crlulukat;Kathy ğŸŒ¼ğŸ¶ğŸ•Š #WearAMask
@JikiRick;World War T ğŸŒŠ
@Ranamsadv1;Rana m s adv.
@weedthoughts33;Laurazepam: Alien Princess (@ ğŸŒ)
@Kimchoonim;CEO CHU ğŸ¢ğŸ°ğŸ‘
@art2u2;Mariano
@KsnurseVictoria;Victoria
@JennaLeeTV;"âœ¨âœï¸ğŸ€ #Vote ""No one is above the law"" #Vote ğŸ€âœï¸ âœ¨"
@Taigenz;Oga Be SincereğŸ’°ğŸŒ´
@Thejude99;Judy Greenwood
@aidielll_;K-0
@JohnnyManny6;Johnny Manny
@femialofe;Femi Alofe
@Myk_19;Michael â„¢
@FishJstv;JSTVFishCutting
@CALgreenlaw;Cali Patriot
@B_REInvest;BRANDemic
@sks4147;ì–‘ì§€ì™€ê·¸ëŠ˜
@pitpat2h;Patricia Johnston
@Observe95633986;The Observer ğŸ‡ºğŸ‡¸
@blackputrafund;Black Putra
@maxxsings6464;jude baker a white woman democrat vote blue
@TariqWalana;Farooq Tariq Walana ğŸ‡µğŸ‡°
@DylanExaminer;Harold Lepidus
@JahBlessAyiti;RIP Breonna Taylor (RIP KBBGB) ğŸ
@bobby_paulk;Bobby Paulk ğŸ‡ºğŸ‡¸ ğŸŒŠ
@aquarenooh;Charles Ellis
@trapyeezus;fbg mike
@cookster1953;gerald cook
@KING__CUDDLES;El Leon
@abearinmysoul;abearinmysoul
@mochiiimichiii;à¸‹à¸±à¸™à¸™à¸µà¹ˆ
@AnnieGabstonH;Annie Gabston-Howell-
@CoolrontiSayan;SayanKae
@rodrigobr_;rodriguinho (da boo)
@hatefreeworldX;ğŸ‡®ğŸ‡³Anindita
@RobbiBJenkins1;Robbi B Jenkins
@susie12719469;susie
@Christianjsilv;Christian silva
@Voter99percent;MiddleclassVote
@MalikTwets;Malik Tweets
@theHUGOAT_;HUGO ğŸŒ
@SocialPowerOne1;#TheResistance | Vote Early+Drop Off at Ballot Box
@fcretired;Fred
@bobbie_chan;Bobbie
@RoccoIannarelli;Rocco Iannarelli
@TV9Telugu;TV9 Telugu
@Gladfly1;Roger Spencer
@Fairdeal2000;Bobbie Pittman
@FrogWaterBot;ğŸ¸Frogs Gives Facts About WaterğŸ¤–
@MarionA56n;Vin Marion
@shelfedkath;ğ“€ğ’¶ğ“‰ğ’½ ğŸ‘ğŸ‘„ğŸ‘
@MsUnformation;Ms. Unformation
@GOLAMMO34388021;GOLAM MORTUJA
@Bmindtweets;Bmind
@CaroleShel;Carole Shelton
@aSmile4u_2;TAC ğŸŒŠ #TogetherAsEverAsOne ğŸŒŠ #VoteBidenHarris ğŸŒŠ
@houndinater;Hounddog1971
@theehutz;hutz
@serg1125;NoMoreLies
@Gizmodo;Gizmodo
@rdhceo;Robert Douglas
@RashedAsiaBD;MD. Rashedul Islam Rashed
@LukeRussell1281;Luke Russell
@grantstern;Grant Stern
@TheAdeelMasih;Ø¹Ø¯ÛŒÙ„ Ù…Ø³ÛŒØ­ Ø³ÛÙˆØªØ±Ø§(Ø¢Ù¾ Ú©Ø§ÛÙ… ÙˆØ·Ù†)
@souvelena;juliana
@LadyLiberty411;Resistance News
@williams_ct;clinton williams
@foxygrnpa;sajÃ© #ACAB
@Blessurheart51;Virginiagirl
@msirismg;Iris M. Gross
@ruraltechies;bhanu prakash
@bluegluebunny;Bluegluebunny
@lrpa64;LRP64
@HisbaniMehtab;Raja Mehtab Hisbani
@ApolloMusagetes;Matt ğŸŒŠ
@librarywriter;The Librarian Cinephile
@xquarepants;spongebob
@incognito_nunya;Incognito Dorito ğŸ˜
@LiamMcBaen;Liam Bean #VetsRESIST #BidenHarris2020
@SpearJackie;Jackie Spear
@BruceBrownJr;Bruce Brown Jr
@Harksong;Christine DeLong Carr aka â€œCiciâ€
@PressRelease321;PressRelease321
@neiby;Neiby
@VicTori14990714;Vic Torious
@iAmJeffSledge;CalmJay
@TonyJCronin;Tony Cronin ğŸ‡¨ğŸ‡¦ğŸ³ï¸â€ğŸŒˆğŸ§¢
@dd9000;ddouglas
@BakCode;à¤†à¤¯à¥à¤·
@mk35889;mel
@Kevman7987;Kevin Gomolchak
@ForRfb;Republicans For Biden (RFB)
@therealzanetta;ğŸ·ZanettağŸ·
@TheFawcette;James Fawcette
@SikandarMahan2;Sikandar Mahan
@itsesterc;Ester Cebreros
@MarkGar75522407;Mark Garrett
@OppositionTo45;FREDDIE
@KFIAM640;KFI AM 640
@MuleSkinnerOkie;Mule Skinner
@pupiczech2;Pupiczech Never tRUmp
@princes_poonam;Princess â˜­
@MalikEhsan62545;Ø§ Ø­ Ø³ Ø§ Ù† Malik
@akaXochi;aka Xochi
@RonaldRump123;Ronald Rump
@Alonso_NI_52954;Alonso
@MysterySolvent;Mystery Solvent
@A1Gurukulam;A1 GuRuKuLaM
@khacgiang;Nguyen Khac Giang
@LRussellWolpe;Lesley Russell Wolpe
@JonnyWex;Likely to get COVID due to UNC Chapel Hill policy
@ForInformatio17;tips for life
@eclecticinvestr;Eclectic Investor
@DrBear88020735;Dr Bear
@MargaretHollin1;Margaret Hollingdale
@VLF79;CA Amazonian ğŸŒŠğŸŒŠğŸš½ğŸŠğŸŒŠğŸŒŠ
@MikeAaronhall;Mike Hall
@DonJuan_45;Don Williams
@AlexBohlboys;Alex Bohl
@barryjohnharper;Barry BeNiceButNotSicklyNice
@AJ90273191;AJ
@nticomuna;anti-comuna
@Perryalt1;BPerry-CO42 â­â­â­
@romethalop;Rome
@renegadeangel13;renegadeangel13 â˜½
@JJResists;JJResists ğŸ‡ºğŸ‡¸â˜®âœŠğŸ•ŠğŸ—½â„ğŸŒŠ
@SamEilertsen;Sam Eilertsen
@Rajanikant221;Rajanikant Mishra
@TexasFourplex;Texas Fourplex
@sueludad;Louis Fisher
@FANgeopolitics;Eric Nelson
@NeilVanWiseman;Neil Wiseman
@WayneBurton6;Wayne Burton
@chypradeep;Pradeep Chaudhary
@Brannanrock1;BrannanRock
@DanKawambui;Dan MwaurağŸ¦
@JoeRoybal4;2020 - Jobs vs. Mobs
@liza_kushnir;Lizâ˜½
@angelbird246;angelbird246
@Naijaorbitblog;Laura
@TEbailey7;TE bailey
@beardedstoner;ğğğšğ«ğğğ ğ’ğ­ğ¨ğ§ğğ«
@TheRealGenius_1;Mr. Commonsense
@MattLawless7;Matt Lawless
@MimiPlevinFoust;@MimiPlevinFoust
@Jrshanley1J;Jim Shanley
@KingofPopTweets;Heal America
@treasonopoly;Treasonopoly
@2shyscorpio;Bernard Ford
@Shcpot;Sharifah amirah
@MICKYNewsOz;Micky - Gaming, Tech, Business & Blockchain
@NYTScience;NYT Science
@marcos_india;MARCOS HEALTHCARE INDIA PVT. LTD.
@vaimika;precisa da minha via nÃ£o moÃ§oğŸ³ï¸â€ğŸŒˆ
@seefinish;Seefinish Insights
@Corey1911;Corey L
@PainterChick1;PainterChick
@methodicjon;methodicjon
@awileybert;Anne Wiles
@guy2_good;RealGoodGuy2
@Montyymillz;MontyğŸ‡©ğŸ‡´
@EulalioTacuba;Eulalio Tacuba
@presumablysmall;slank
@MaryHeartsCats;MaryInCary
@republicbuzz;Republic Buzz
@stronglyaware;Alex James
@TimesNow;TIMES NOW
@Senggiaw;Tan Seng Giaw
@taisam10;taisam
@small_dera;Ë¢áµáµƒË¡Ë¡ Dera
@profesterman;Prof. Adrian Esterman
@BeautyAndWelln4;I ğŸ’™ğŸ’™ğŸ’™ğŸ’™ Chucky ğŸ¶
@aligidereritrea;Khalid A/ áŠ»áˆá‹µ / Ø®Ø§Ù„Ø¯ ğŸ‡ªğŸ‡· ğŸ‡ºğŸ‡¸ ğŸ‡¿ğŸ‡¦ ğŸ‡¸ğŸ‡© ğŸ‡ªğŸ‡¹ ğŸ‡¸ğŸ‡´
@xximbecile;imbecile ğŸŒˆğŸ’«
@Garuda_77;à¥ M à¥
@BBmbhicks;Betty Hicks
@lisafromcali;vote.org/absentee-ballot
@yoafernet;gabriela
@lilhal1953;Ultimate HH
@MsDevilishAngel;Angelika Sabine
@bsweettoo;â˜®ï¸RespectğŸ’VoteğŸ’Good TroubleğŸ’ğŸ˜·
@tulga2001us;Tulga | Ğ¢ÑƒĞ»Ğ³Ğ°
@JWEremeeva;Jennifer Eremeeva
@mark_mywordsPH;TERO, Mark Nilo B.
@scb1932;Sam
@TheEuropaReport;The Europa Report
@kktotlani;Totlani Krishan
@AngusRockford;Angus McRockford
@Billzy846091241;Billzy
@SharlieMello;Sharlie Mello
@Mama_Liberal;MadamPresident - ğŸğŸ’›KamalağŸ’›ğŸ
@Melinda62909033;Melinda Moore
@gabrielsnyder;Gabriel Snyder
@HermaKarr;Herma Karr
@pschitzel;PZil
@chaddfirchau;chadd firchau
@PluviophilePoet;BitterSweetSymphony
@nypapajoe;jespanol
@TimmSusan;TResist
@FaisalK28020212;Faisal Khan
@JacquelyneHowa7;ğŸ†˜Ms. Jacque ğŸ†˜
@jsmudd2;Joseph Scott Mudd
@brandon_azrael;B. Azrael â™ ï¸
@JeffCollier18;Jeff Collier
@ni_felip;janella â€¢ GITZ
@DeccanHerald;Deccan Herald
@DennisLeeuwenbu;D. Leeuwenburg
@pushpa_ra;Pushpa Raj Acharya
@mikedsr58;America or Amerussia... VOTE BLUE !!
@kanimarial_n;N.Maria
@NEpats86;Brian
@JReidESPN;Jason Reid
@luqyan;Luqyan Tamanni
@jesuiscinque;cinque
@IamCharotism;Charot!
@Noticias666;ğŸ‡¨ğŸ‡´ Noticias Internacionales ğŸŒ
@ReesusP;REESUS PATRIOTâ„¢ğŸ’™
@clickcashprofit;clickcashprofit
@subodh1945;Subodh khanna
@binriv99;Facts with receipts
@Archivist1000;Archivist1000 is a #NastyWoman too!
@joyeta_e;Joyeta E.Anderson
@Trmpsugly;Cometogether
@asbell3etdvelt;Kathleen Dawn Hughes: Resister all day, everyday
@verina79;verina
@steelerschic_85;âœŒğŸ¼ğŸ˜·ğŸ¤¨ğŸ‡ºğŸ‡¸bÒ‰eÒ‰tÒ‰hÒ‰ğŸ‡©ğŸ‡ªğŸ¥ğŸ¤¦ğŸ¼â€â™€ï¸ğŸ˜
@Kevswatching;Kevin Kyle is ğŸ‘€ from ğŸ‡¦ğŸ‡º
@AllahIsabelle;JORDANNE BRASHER BERNARD
@SoporificANES;SoporificCRNAğŸ’•ğŸ’™ğŸŒŠ
@BW_Ellis;B. Ellis
@Bonkerred;taka-ra
@barryvillebears;Bvillebear@bearsareawsome.
@SMOKEJaguarII;Spear-Thrower
@sta4evr;ğŸ’™ğŸŒ©âœŒJusticeDelayed is Justice DeniedğŸ—ºğŸŒ©ğŸŒŠğŸŒŠğŸŒŠ
@protecttruth_;Eric Blair ğŸ”¥
@ABCNewsLive;ABC News Live
@KateRoseMe;Kate Rose
@Nohellothere;â„ Momeye Resists â„
@loveroxbury;Makaveli
@BumbleZaz;Bumble Z
@solm;Thomas Keepout
@NYTHealth;NYT Health
@yflyyelena;Desmond Abrahams
@DougIlano;Doug Ilano ğŸ‡µğŸ‡­
@MVKrishnan1;M.V.Krishnan
@TruthCopy;The Truth is Socially Distant
@USITA_forum;US-Italy Forum
@padenpur;Denise P Rescue Dog Mom (@ğŸ¡)ğŸŒŠğŸŒŠğŸŒŠğŸğŸŒ»ğŸğŸŒ»ğŸ
@Roach1Ga;The JackAss Whisperer
@DogpatchH;Dogpatch_Ultra Classic_Riding For Rights
@CedricLucero;Cedric Luceroâ„¢
@KalibNimiri;kalib nimiri
@dna;DNA
@transmothra;ğŸ¼ A Thing Of The Left ğŸŒˆâœŠ
@roger_mm1;Roger Scott
@NeutrinaV;Evaughan
@GartziaGil;Doble G
@Marcianism;M a r c i a. ğŸ’š
@CFCamerer;Colin Camerer
@Infodotnews11;InfoDotNews
@oregon_resister;râŠ•xÎ±Î·Î·Îµ âœ¨ğ—§ğ—¶ğ—°ğ—¸ ğ˜ğ—¼ğ—°ğ—¸, ğ˜ğ—¿ğ˜‚ğ—ºğ—½.âœ¨
@LordGroundhog;Lord Groundhog
@reginapvm;Re
@rbcyes;Robert
@Bill24812858;bill
@steve_raggio;Steve Raggio
@gwells43;Glen Wells
@jeffyguy;Jeff E. Guy ğŸ•
@m_fullbright;- Mark Fullbright
@jmduhnke;Peace&Good
@cmr_esq;IAmTheWalrus
@Garry_Clarke;Garry Clarke
@kmpra1;alberto
@BrianDude;BrianDude
@51mon;Simon Donn
@BobDarrin;Bob Darin
@shlwlv;sha ğŸŒ¸
@Sharat57;Sharat Sinha
@LakeOzarks60mm;Jack
@neu_nary;Narayan Neupane
@STeebagy;Sean Teebagy
@ChiefPunter;Chief
@sam_dennehy;Sam Dennehy
@kizu91;Le Nam Giang
@BloombergAU;Bloomberg Australia
@Bahrainconnect;Terry
@ph3minist;The Warrior Queen
@QueenOf73146286;Queen Of Swords@TarotQueen.
@thomaskaine5;Thomas Kaine
@ElaineS41103933;Elaine
@ssimm85918240;BamaRedNeck
@neil_agrawal;DesiTraderZ
@Newsweek;Newsweek
@Boiarski;Boiarski
@cdanr;C. Daniel Regenberg
@business;Bloomberg
@deesbarbara;barbaradees
@WhiteJohnCoffee;LOVE WINS
@pakalamazoo;Todd Bannon
@ZackMarcum8;Zack Marcum
@ThembinkosiDhl1;Thembinkosi Dhliwayo
@SandyBarket;Sandy Barket
@Dee18660796;Dee
@abriIsitaaaa;ğ–†
@RufusKings1776;RufusKings1776
@WASV_org;We are striving for a vaccine
@fount8;michael
@cktrump_f;F*ckTrumpğŸŒŠğŸŒŠğŸŒŠ
@mayaindraneel;Maya
@alfredooliva;Alfredo Oliva Arias ğŸ‡µğŸ‡¸
@Dee_Biden2020;Dee Holland
@Manolas_o;Juan
@hybridcupcakere;Lol Alpha
@dweisscomedy;david weiss
@juliolopez319;juliolopez
@Kurt43112867;Pro-Slavic, Pro-Putin American
@NorRegnal;Ron Langer
@cestleiden;YU HAO YU
@Posicho;Posicho
@harlanhayes78;harlanhayes78@yahoo.com
@rbiolena;Rienzie Biolena
@Rick63618377;Rick
@Gvenechka;Ğ“Ğ²ÑĞ½ĞµÑ‡Ğºa ğŸ‡ºğŸ‡¸ğŸ¥
@LuvWestCounty;Joy
@dryleveedude;John Owen
@TheWhitneyBrown;AWhitneyBrown
@merrill2n;GW
@mccunecicki;Vicki
@KealanBurke;Kealan Patrick Burke
@thedailybeast;The Daily Beast
@melaniemagdalle;ğ“¶ğ“®ğ“µğ“²ğ“·ğ“±ğ“ª ğŸ¯
@BroBible;BroBible
@OKCFOX;KOKH FOX 25
@AshColben;Colben Ash
@striperslayer77;Nick
@GregorioMeraz1;Gregorio Meraz
@TheSecondBag;The Mango Room
@Libertarian_Hub;Libertarian Hub
@MykeKING8;Myke KING
@aaannawiggins;april
@SupermanHotMale;Tim
@1world1goal;El
@ecorse1;G-Money
@suzlette333;Susan TaylorğŸ‘ï¸ ğŸ˜·ğŸ¨ #IStandWithDan & #Renewables
@badseedbook;The Bad Seed â€¼ï¸
@JonBelsher;Jon Belsher, MD ğŸ˜· ğŸ‡ºğŸ‡¸
@CarlRobuck;Carl Robuck
@NBCNewsWorld;NBC News World
@rashaverak_day;Mike Day (Mask Wearer/Distance Keeper)
@CallinUOut7;CallinUOut
@mrc__suavee;I tweet
@Leonarda2020;Dr.Leonarda Duran Buike
@SixDegrees9;Six Degrees
@AfghanHerald;Afghan Herald
@Mary_Montijo;ğŸ‡²ğŸ‡½ ğŸŒµ MarÃ­a AÃ­da ğŸŒµ ğŸ‡²ğŸ‡½
@call_me_tomasso;Tom Osborn, PhD, FRSA.
@HomesinLA2;HomesinLA
@ImpeachTrump012;Mike Bennett Blue Wave 2020 ğŸŒŠ
@SaoSasha;Alex Kliment
@MaraEinstein;Mara Einstein
@DeseaDes;Desea Tsagatos
@faradisation;Kira Faradisation
@supersaadx3;Saad ğŸ¥±
@PoliticalTeacup;C wasnâ€™t here
@ModestoBeek;Brian VanderBeek
@donald_j_putin;Donald J. Putin
@abdullah_ablers;abdullah situmorang
@AndrewNancarrow;Andrew
@ShakyaKshitiz;Kshitiz Shakya
@nee_luly;Luly Nee
@SoundVU;Khang ğŸ§¬
@davidwferrell;David Ferrell
@Sheikhabubakr6;POTATO ğŸ¥”
@PeterPolites;Î Î±Î½Î±Î³Î¹ğŸ”®Ï„Î¹ Î Î¿Î»Î¯Ï„Î·Ï‚
@FitzInfo;Fitzpatrick Informer ğŸ‡ºğŸ‡¸ğŸ‡®ğŸ‡ªğŸ‡¨ğŸ‡¦ğŸ´ó §ó ¢ó ¥ó ®ó §ó ¿
@calgarysun;Calgary Sun
@Nieczuja_clan;Nieczuja ğŸ
@isaac_mearns;piÃ±a
@mbrookswilson;Matthew Wilson
@nodirtpolitics;Jay Wolf
@33newsking;news japan
@stat_butler;Stat Butler
@charles87599249;charles
@Jasper_cat44;Jasper Sher / #WearAMask
@IvoryPearlMusic;Gretchen Anne+Vladimir V. Putin~OFFICIAL Partners
@atlgeeman;Gary
@7711irwin;T.Manvi
@NargisHamayun;Nargis Zahra
@YvetteJiselle;Yvette J.
@rhodaks1;rhoda ayris
@DJSublime99;DJ $ublime
@hanneloreursula;Elke Zerr
@ReginaL2020;Regina Lowery
@MaureenMannion2;Maureen Mannion
@Victor48355670;Victor
@PFringed;P4 Fringed
@hill55willie;Chuck Williams
@TheMattSalzberg;Matt Salzberg
@AnthonyLeePope2;Auke Bay
@JRDarius1;Justice&Mercy
@OmoOduaRere;á»Œmá» OÃ²duÃ 
@chriskc_Lee;Christopher Lee
@kimbfalcone11;KimTheF
@realGoyRogers;Goy Rogers
@AgTerzo;Dâ€™Ag il Terzo
@robingrearson;Grearson
@55KRC;55KRC
@indepdthinker;Pamela McGregor
@sw7739;Simon Waddington
@WatkinsDolf;Dolf Watkins
@GuitarSunCat;8:46 #StayHome
@UsesBadWords;Marc
@PatsLadi99;ğŸ‡ºğŸ‡¸PatsLadi99 #TeamJustice ğŸ‡ºğŸ‡¸ğŸ‡ºğŸ‡¸ğŸˆğŸŒğŸ—½â›µğŸ€âœŒ
@BooksForArt237;Unite for HealthCare
@palpinnn;Barbara
@msimonetta2;Michael Simonetta
@aprilguev;April Guevara
@tadpr0le;McHimboâ„¢ï¸
@grim_pet;GRIM REAPERâ€™S PET TURTLE
@LibertyDoggo;Libertarian Dog
@KingMeren;Michael Merencky
@VickiCowart;Vicki Cowart
@orthodoxconnect;Orthodox Connection
@indictmentduck;Indictment Duck #TrumpIsKillingUs #HellToTheChief
@TRUTH77739033;TRUTH IS BLUE
@JayJPatel_;Jay Patel
@dameemstr;MaryAnn
@doublebaytoday;Double Bay Today
@MaryAnneGruen;Mary Anne Gruen
@longhorn12471;Arthur van Kaseman
@KGalliah;Kim Galliah
@travelgrad2003;Debbie Howarth
@mikeda0672;Mike A.ğŸ‡ºğŸ‡¸ğŸŒŸğŸ‡ºğŸ‡¸
@mawson_lee;Jo ML ğŸ““ğŸ¶ğŸŒ…
@Alyssa_Day;Alyssa Day is on hiatus
@scottwilson__;Scott Wilson
@jalcalanv;John Alcala ğŸŒŠğŸŒŠ
@Bbuzz27941231;420
@Mike38959003;Mike
@michaeldweiss;Michael Weiss
@arts_52;Kirk
@wellsbeth;Beth Wells
@BryanCooking;Bryan Cook
@wbc2027;Bill Connolly
@freerange1;freerange
@LouiseGisele17;Louise Charlebois
@judemgreen;Jude Green
@ForteJoeForte;Joe Forte
@jmspivey37;JulieBlueinBamağŸ’™ğŸ‡ºğŸ‡¸ğŸŒŠğŸ˜·
@paulinocardoso;Mundo Multipolar
@DJPriority;DJ Priority
@BleedingMarine;Bleeding Heart Liberal Marine
@Kate_Chase;Kate J Chase
@AsquaredMuzik;Asquared Muzik
@Donald_from_HI;Donald R. Koelper
@babsplace1;Babsplace
@wtfsmooth;Sharon ğŸ‡ºğŸ‡¸ #NoOneIsAboveTheLaw
@zimbabwedaily;The Zimbabwe Daily
@BLUEMOO64996664;BLUEğŸ’™MOON _ _ _ğŸ‡
@DuncanDeVolld;Duncan DeVolld
@greenlakeshouse;Greenlakes House
@tracav20;Tra
@spencer_davdson;Seabrown@Seabrown7
@smaloney924;Scott MaloneyğŸŒŠğŸ³ï¸â€ğŸŒˆ
@autonewssiite;James Stamper
@AndreaAlta;Andrea Alta
@Isis_Win;Isis Win activist, writer, photographer, lover
@LGWJT;WJT
@sharbecker;Sharmain Becker
@PostingWords;Terence Wallace
@Darth_Sonia;Sonia
@MuggleSith;Sith Muggle
@TroyMinos;Troy Minos
@BeansResister;Nasty Woman Beaner Tweets ğŸ’•ğŸ¤¬
@NitinRajora16;zero
@Djcristian95;Djcristian lopez
@Defeat_Trump2;Defeat Trump #ProtectUSPS #StopVoterSuppression
@JoeRandazzo_Sr;Joe R.
@e_ninja2;E_Ninja2
@AuntieM12411195;AuntieM
@CNNBusiness;CNN Business
@chrisabraham;chrisabraham
@JCAdv_WX;â­’ğ’¿ğ’¸ â˜† ğŸ‡¿ğŸ‡¦
@DrChrisSteele1;Dr Chris Steele
@cnni;CNN International
@BlueRootsRadio;BlueRootsRadio
@CNN;CNN
@pedro_alves79;Hawks ğŸ¥
@zjl501;ğŸ˜ˆDIRTY 30ğŸ˜ˆğŸ’¯STAY HUMBLEğŸ’¯
@UnangHirit;Unang Hirit
@BillieNordmeyer;Billie G Nordmeyer MBA, MA
@StephenStottrup;Stephen Stottrup
@FellatioAlger;Fellatio Alger
@yay4democracy;Tinkerbell2020
@bethbethbeth01;bethbethbeth
@msacadien;âš–ï¸ LiberalDoc ğŸ¥ ğŸ¥€
@paddylepage;Enjoy Your Days (Professor ZorroğŸŒ) â˜¯â˜®ï¸ğŸµ
@HoweDefendsUSA;Alan Howe
@IntelOperator;The Grey Man
@mickey2160;Migdalia
@rburke08;Richard E. Burke
@sightmagazine;Sight Magazine
@Brucekitto;Bruce Kitto
@Uhuruhsiempre;@UhuruhSiempre
@pawlowski18;paw
@oliverbarry;Oliver Barry
@lethxncube;LordSizoNcube
@judiadg;cassandra
@CoffinCorner82;Charlie Johnson
@tgshepherdvan;Mockingbird Says Black Lives Matter
@indimontgomery;Indi Montgomery
@Thoughtfulsquas;Cathy McInnis
@shrinkbill;Shrink Bill
@UNMC_DrKhan;Dr. Ali Khan
@GrumpyOldDoc;Donal
@WhiteTrashGal;Dottie, The Savage Democrat
@RichardRr77s;richard spiller
@henry_hwang;henry, hwang
@Shoq;Shoq
@ron_fournier;Ron Fournier
@DannyjClayton;Danny Clayton
@SturinoAngelo;angelo sturino
@WhiteLlamaPooP;WhiteLlamaPooP
@raja46616430;raja
@BruceJEmswiler;Bruce J. Emswiler
@SolidarityWeb31;Ted Cohen
@bilbospizza;Bill Dye
@GG_Cuse;Gi Gi
@Lady_Nyla;Naila Aziz Ahmed
@GlobalEdD2020;GlobalCitizenDrFAME
@Jelly_Canuck;Peter Hoefgen
@mycheesemonster;Jenny Durkan is a Cop
@a7_FIN_SWE;adam seven ğŸ‡«ğŸ‡® ğŸ‡ªğŸ‡º
@randomscreename;E.M.
@bplace01;Barbara Place
@Riverlandish;Andrew Adamovich
@bridgettyh;Bridgette ğŸŒŠ #JoeHasMyVote ğŸŒŠ Trump has got to go
@liltzbaby;Wayne.
@opinionificate;Observationalism â­ï¸
@TIm94440327;Tim Schneider
@trudythechimp;Alice Adderley
@SheliaJ42679884;Shelia Jones
@FISMNews;FISM News
@Ninwarrior;R. Pola
@HenrikTke;Henrik GÃ¸tke
@ThisWeekABC;This Week
@ABCPolitics;ABC News Politics
@avoiceforchoice;A Voice For Choice Advocacy
@trump_start;TrumpSupporterFromTheStart
@IqraSharjeel;Iqra Sharjeel
@TimBledsoe;Tim
@LathamSm7;LathamSm7
@petseye;jim reynolds
@JMalinowskiR;Jan Malinowski
@TVAFRINET;Television Africa Network
@LoNoonan12;Lo
@OOCawdor;Out Of Context CawdorSnows Bot
@GottaWakeUpPlz;Make our World Great Again
@resisteveryone;karim
@Bwonk_Bwonk;ğŸ†˜ Windmill Cancer SurvivorğŸ‡ºğŸ‡¸ğŸ‡¨ğŸ‡¦ğŸŒ
@VaughnArmstrong;Vaughn Armstrong
@TendenciaCol;Tendencias Colombia ğŸ”¥
@luistorofernan1;Luis Toro
@JamesHockaday_;James Hockaday
@GetYoDrinkOn;...
@BrandonPolitica;Brandon PoliticağŸŒŠ
@OrchidMyst_;ğŸŒ·ğŸ’›ğŸŒ·Barbara CollinsğŸŒ·ğŸ’›ğŸŒ·
@2for_99;Lord Commander
@proteanways;Bob Thompson
@DuranteGM617;Independent Thinker
@nationdivided;Dwayne Moore
@Javier7Carrera;Javier Carrera
@muertointerior;Anurag
@mehendrick9;Nice Guy Mick
@Daily_Express;Daily Express
@StovallJp;JP Stovall
@Akdjnr1;G-Unit
@cfeverhart;Craig Everhart
@Anthony57066840;Anthony Richardson
@ChanceCampaign;CHANCE TRAHAN FOR PRESIDENT 2020 (SHERIFF)
@thethumbprint;Laura Reilly
@EvelynNFarkas;Evelyn Farkas
@stratmandave;Dave Corbin
@WinkWestwood;Why?
@BobLefridge;Bob LeFridge
@jimothybringus;James ğŸŒ¶. Benson
@MARTINDIXIE;(((DIXIE MARTIN)))
@StuartSyvret;Stuart Syvret
@BudWitzke;Bud Witzke #CoronaVirusFatigue #TrudeauResign
@kevinmahoney95;Kevin (We Need a New New Deal)
@ykhalim;James L. Robinson
@zazzybritches;GATOR GIRL
@Terri168;Terri
@BCBudsGaming;BCBudsGaming
@PeterKlages;Peter Klages
@JamesrossrJames;James Climate Crisis
@Chadolivia;nolivia
@haysjr9;J.Hays #BlackLivesMatter
@dumpbloatus;ğŸ³ï¸â€ğŸŒˆJustice4DionJohnsonâ€¼
@hyrarchyJames;Hierarchy
@AustChannel;Australia Channel
@DeidreEversull;Deidre Eversull
@TheSunUS;The US Sun
@EqualPrtxn4All;ProudMama
@girolamo5151;jake4u48
@hagidekhgargi;buttworms4lyf
@Caps412;Caps412
@KISS_myMorgs;Morgarita
@HaDoJaNaNKiRa;Sheikh HaDak YaR Khan
@NealGoodman8;Benji
@Galenes;Giuseppe Di Caprio
@DAlumbaugh;David Alumbaugh
@XOR_0xFF;seija
@BillnYou;AmericanPeopleVsTrump Â® #Resist
@jesusfalcis;Jesus Falcis â˜€ï¸ğŸ°ğŸŒˆ
@DarshanaN;Dr Darshana Nadkarni
@dudeitskeith;KEEEEEITH GODDAMNIT!
@AnnaMills1953;Anna Mills
@Diesel81144690;Diesel
@indepthinkerSC;Enough is Enough
@mikkicool;Mikael Haug
@izzyydaviess;izzy
@Dwyerrr123;Young Dwyer #BLACKLIFEISPOWER #BLACKLIVESMATTER
@21stCscribe;MarcNash
@HosamNews;Ø£Ø®Ø¨Ø§Ø± Ø§Ù„Ø¹Ø§Ù„Ù…
@FreeMe93;M
@Ginger_Ass;Francesco Emmanuel Garcia De La Fuentes
@71djt;Jake Turk
@expobear1;expobear
@JPatrickian;John ğŸ‡ºğŸ‡¸
@okkidasolinda;Okki das Olindas
@spauley311;Miz Represented
@OSJKelly;James Kelly
@c_midgley;Chris Midgley
@MiguelDDL;Miguel DDæ—
@TrentCapelli;Trent Capelli ğŸ‡¨ğŸ‡¦
@TheHugoMorales;Lakeshow hype man
@RealPresidentT;Real Donald J. Trump, Personal Commentary
@AnneMarieFlynn2;Anne Marie Flynn (@ğŸ )
@IslandTVNetwork;Island TV
@manbumheadempty;ĞºÑƒÑÑ‚Ğ°Ğ½
@RobertJohanse10;Robert Johansen
@kellumdander;Kellum Dander
@ilagosian;David Raine
@nasdrovhyeh;John Pahl
@SirenBombshell1;@SirenBombshell
@fusepetal;Lesley Heilesen
@RhoBeta1;RhoBeta ğŸŒ¾ğŸŒŠğŸ’§ğŸŒ¾ğŸŒŠ
@SantaInc;Santa Claus, CEO
@MimiMadeira1;Mimi Madeira
@aquamarynn;Champagne Candy â™¥ï¸
@ReneeAsher;Renee Asher Suburban Housewife against Trump
@Akriloth2160;ğŸ³ï¸â€ğŸŒˆ Jagd Doga Grips ğŸ³ï¸â€ğŸŒˆ
@djtr3s;tres
@J_Hampson;Jacqueline Hampson
@PB_Sun_Tan;Peanutz ğŸ¥œğŸŒğŸŒŠğŸ—½ğŸ‘ğŸ‡ºğŸ‡¸ğŸ‡µğŸ‡·
@Chris_deLambert;Chris deLambert
@ivebeenfarting1;Captain Crunk ğŸ¾ğŸ¾ğŸ¾
@aux_frontieres;Aux FrontiÃ¨res
@TrickOrTreakle;â„ï¸ğŸ“ElleğŸ“â„ï¸
@amintheother;hakeem bellamy
@Locoslugg;gbagSGT loco slugg BLM
@exposethehype;Mike Schaub
@BornInTheUSA56;Perhaps a Little too sarcastic for most
@NBCNightlyNews;NBC Nightly News with Lester Holt
@maiwahba66;Mai
@sakissnie;ğ£ğ¨ğ¬ğ¬
@CroonMixer;Gil
@Ericwsommervil1;Ericwsommerville77
@Steinerspencer;jorge centeno
@TrumpsOneNDone;TrumpsOneAndDone
@DeirdreJones54;Deirdre Jones
@Quester64;BlueBear
@GillowayScott;Scott Gilloway
@rl93930;HayBaler69
@Idemudum_reborn;IdemUdum_2.0
@PhilaMcDuck;Phila Dlamini
@LaVeldaV1;IamBlackwater
@Myeyesroll;Julio Gonzales
@CatholcGayHermi;Catholic Gay Hermit
@nikko235;Mary Martin
@andrea_kuchar;Andrea kuchar
@bigzinky;big zinky
@LeighKirkland9;Leigh Kirkland
@lscott57;leslie scott
@TronaldDumpBot;Tronald Dump
@speakout_april;April
@jmcolonell;josemiguel
@Bv23451353;Bv
@mansermatt;Matt Manser
@truthdiviner;truth divinerğŸ˜·
@CharlesSundog;Charles sundog Jackson
@bjarnekim;Bjarne Kim Pedersen
@macksalt1;macksalt
@araviapa;WillieJeff
@LauraPerkinsCox;Laura Perky Cox
@1unknowncritic;That One Jerk
@wybme;Kaylene Chieko Hironaka
@VogueRunway;Vogue Runway
@miftokyo;mif_japan
@JohnAnthonyCru1;John Anthony
@NRLGann;ABCD@optusnet
@Baligubadle1;Baligubadle
@tabriggs8;ta briggs
@LulaLovesEli;LulaLovesEli
@jostephan;JoStephan
@Skiridr;#VOTEOUT THE MUAFFUKAâ€¼ï¸
@LosAngelesCRG;Chris Greenwell
@TabithaOXO;I am your Suburban Lifestyle Dream.
@MadamPrez328;Tyronna Koppel
@Maeve60980049;Maeve
@giordano_lives;Giordano Bruno Jr. ğŸ¤¡ğŸŒğŸ’”
@Feed556;Feed ğŸ†˜ âœï¸ #REMOVE the RACIST Donald
@tanker_yankee;YankeeTanker
@EthNick_;Milan
@AndaliaLoneGray;#RASTARLONE1
@memeboi69_;Manas ğŸ’™
@Freelif67553943;ğŸŒŠğŸŒŠFreelifeğŸŒŠğŸŒŠ
@sean_spicier;Sean Spicier
@dosuserx;BLM - Duke Thompson Gave Me A New Brain
@CdeBur_Europe;Car deB ğŸ‡ªğŸ‡º ğŸ˜·
@KingjadVCMP;Kingjad ğŸ´ó §ó ¢ó ³ó £ó ´ó ¿
@drspl5;Steven Lindenberg
@ferber_michele;MAB
@LengoStarr;Lengo Starr
@davesprom;DaveSprom wears a mask for a living
@aripinkmiIa;anye
@ATHEIST_ATEO;Atheist-Ateo
@JerryDonabedian;JerryDonabedian
@me060943;Ari Leone
@RuthMott5;Ruth Mott is #RidenWithBiden
@HulubanS;Sebastian Huluban
@wimyan;i'm ryan williams ğŸŒ§
@carlosalazraqui;Carlos Alazraqui
@freddoso;David Freddoso
@ahmedragheb591;ahmed ragheb
@crbobba;CHOUDARY R. BOBBA
@purelyfast;Mega Meetei
@replicantPOTUS;dlanoD .J pmurT
@jwmc;John McCaffery
@GayGuyKyle;Kyle
@itmustend_;ğŸ‡ºğŸ‡¸ Patriots are anti-fascists ğŸ´â€â˜ ï¸
@djmincey11;Lady Farmer ğŸ‘’ğŸ˜·
@Loyalty381;Daniel J. Vitko
@LukeBrandonUK;LukeB ğŸ‡¬ğŸ‡§
@Tharris29;*Tamila*
@Phing7464;Phing
@kitten6831;Paula Sell
@GrumpybaldProf;Paul Fowler
@RousseauRick;Rick Rousseau
@azizianaita1;Azizi Anaita
@DotUrada;Dorothy Urada
@LogicLender;God Bless Texas - Let Slip the Dogs of War!
@GeoffyPJohnston;Geoffrey P. JohnstonğŸ˜ğŸ‡¨ğŸ‡¦
@Lukewearechange;Luke Rudkowski
@benjaminpena_;benja
@christinalobert;chrischris
@timothy_bragg;Tim Bragg
@Okavangomick;Michael Dean
@SeventhSon6;power to the people
@jagzia;kerrie murphy
@DebraAn26510841;DebraAnn
@ledansemacabre;Danse Macabre ~ An Online Literary Magazine
@BillyCrystaI;Senadin
@BuzzBroz;Ken Sheetz
@taradactyl33;teabeanie
@TheScotsman;The Scotsman
@jessecrall;Jesse CrallğŸ•Š
@pjcadams;Pamela Adams
@Samtan90499757;Samtan
@cotonogues;Rodrigo Nogues
@Ricky13823651;Rick
@VoiceOfBilawal;Zafar Shah 'Rizvi Sayed'
@eurotheantigod;Jeijay
@ted_steinberg;ted stienburg
@DiegoGarcia07;Duro al thai
@RiseKuwabara;Rise Kuwabara
@evaliakrispita;eva
@turiah6;turiah
@aimlessjonah;Jonah Gibson
@ijoyri;ï¹«hyofck
@rizzviz;Rizwan ALAM
@AndrKolesnikov;Andrei Kolesnikov
@Angelo8801;AngeloMarquinaGarcia
@SchofieldSr;daniel schofield sr.
@BythePEOP;bythePEOPLEofThePEOPLEforthePEOPLE
@emparhistoria;Empar Revert ğŸ“£
@yafavlajuvie;Jayda
@TheLoveDre;Andrew Mwanguhya ğŸ‡ºğŸ‡¬
@TsarizmCulture;Tsarizm Culture
@TheSun;The Sun
@AuthorKimberley;Kimberley Johnson
@LUDIRTY3;@ LUDIRTY
@JenTromans;Jennifer Tromans
@swanny31176;Ron Swansonâ€™s Mustache
@Susweca2;Susweca
@thevoodoocow;#864511320
@MikeTheWolfBoyo;ğŸ’™Michael the Wolf BoyoğŸ’™
@ZoltanneUSA;Zoltanne
@stk_invst;stk_invst
@TheMutaD;DBwambale
@larriandJ;J. LarriandğŸŒğŸ˜·ğŸ†˜ï¸ğŸŒŠ
@Pagecamper1;James Page
@alexdiacre;Alex Diacre
@gersariel1;gersariel
@pyrotarkus;john hanson
@H2OEcologist;Aquatic Ecologist
@lgwtoday;michael j wright
@sylmobile;sylmobile
@Bolton76885887;Bolton
@Madhuka83630118;Madhukar
@Doge11400;+doge tec CEO of it's him
@CTPatriot2006;Patriotic Bernie Brother
@KStylePodcast;Quarantined Kyle Style Podcast
@blbascomb;Brian Bascomb
@helloavi_;LaviğŸŒ©
@MsBrainFever;Julia Lovett
@JanuszKowalsk11;Platforma Jest KobietÄ… ??? #DUDA2020
@Dawn13453639;Dawn
@KeterSteves;Keter Steve
@BMR360;Brandon
@chzandcrackers;Sara
@CoryerLananh;Lananh Coryer
@ArnoJaeger;Is It election time yet?
@shmoonie24;(((Arlene E Reber))) Black Lives Matter
@VinceHanrahan;Vinman
@jkjebin1;jk jebin
@flightygirl1;shannon1196
@Sayanta26254139;Sayantan Biswas
@spacemonkkey;ğŸ¤¦ğŸ»â€â™‚ï¸
@HotDesertGirl;DesertGirl
@capitalismwitch;donâ€™t emo-splain me kid, B. Ed.
@ReggieRight2;ReggieRight
@laurasessions10;Laura Sessions
@imPulkit_me;Pulkit Kumar
@DianaCornald;Diana Cornald
@Blondel110;Blondel1
@newzupdate247;NEWSUPDATE247
@switchbhamnews;Switch Radio News
@whairat;Wali Hairat
@Nazgucl;Nox Spectrum
@I_M_BASH;BashirğŸ˜·
@Trujillo699;Trujillo69
@GaleTStrong;Gale Turner Strong
@playboyhakan_;playboyhakan_
@TransPersia;Persianboy
@pamcurtis4210;Pamela Curtis
@Fuzzythefair;Fuzz
@RMSThornton;R. M. S. Thornton
@YellowRose250;YellowRoseTexasğŸŒŠğŸŒŠğŸŒŠ
@stayintouchDB;stayintouchDB
@JamarneM;Jay_McGill94 âš–ğŸŒğŸ‡ºğŸ‡¸ğŸ“ğŸ®ğŸ“šâ™ˆ
@BBeshoar;Barron Beshoar
@pasrealiste;mumbi
@Atchue4AZDems;Ralph Atchue
@Chunterking;Cking
@goofybk;GoofyBK
@TraderMoore;James Moore
@Brad_wfb;William Bradley
@Yourwinner3;Yourwinner
@gamestacy;Gamestacy
@atheonews;atheonews
@jmreycroft;Jules
@ThisThornyRose;Angelica
@getchyilma;Getachew Yilma Debela
@maybeawriter;maybeawriter
@JowagSolutions;Jowag Solutions
@willhclark;will
@Harley2280;HM Davidson
@ldog562;Ldog
@unboringlearn;nick thornton
@mmitra50;M. Das
@Georg_Heil;Georg Heil
@OZloop;Steve Davies
@bgerros;Bill Gerros
@kasstanb;Ben Kasstan
@ge_lizzy;Chiara
@b747_driver;Conrad David
@Cling2Reality;Cling 2 Reality
@foggydewjo;JoAnne Gierman
@DhiyanaT;Dhiyana Thohir
@AsmitaSengupta5;Asmita Sengupta
@anotherdrink2;MAD DUCK POTUS
@KAGSnews;KAGS News
@CharlesCharl4;Charles Charl
@MaheshC35014516;Mahesh Chavda
@NoALaPlandemia;Jeremy BuzolicğŸŒ€
@MadjidAlgerie;Madjid DZ Anonymous AlgÃ©rie
@91Chennai;- Ram ğŸ‡®ğŸ‡³
@Nesseldude;Robert Nesselroth
@Karrasamelia5;Karrasamelia
@PimpState;Pimp State
@DJBoogiesid;DJ Boogie Sid
@BostonJerry;Captain ACAB
@mollyrcampbell;Molly Campbell Sci Journalist
@PranaysGhost;Pranay
@brettfosterwhi1;brett foster white
@pittgriffin;Pitt Griffin
@falconeye01;CAMARA TAHIR AHMAD Mamady
@yeatesgreats;#VoteOutTheTrumpCrimeFamily
@HarshYaaar;Harsh SrivastavağŸ‘‘
@TheLastLinda;The Last Linda
@sullof;Francesco Sullo
@susansaga1;â­ï¸MagağŸ‡ºğŸ‡¸Sagaâ­ï¸2020ğŸ‡ºğŸ‡¸
@Bwuh;andrew_pi
@AtharvaSawantt;Atharva Sawant
@GShelia1951;GrandmaShelia1951ğŸ‡®ğŸ‡ªğŸŒ‹ ğŸ˜·CONGRESS (202) 224-3121
@Gjallarhornet;Oden
@1normiegirl;Sara
@Targeted1973;RedPill BlackPill Knowledge
@GlendaH26016842;Glenda Hicks
@MarsPioneer;Mars Pioneer
@hiurich;ğŸ…·ğŸ…¸ğŸ†„ğŸ†ğŸ…¸ğŸ…²ğŸ…·
@gowerswan;Steve 35
@donaldcclarke;Donald Clarke éƒ­ä¸¹é’
@JoeyRuckus;joeyruckus
@imashme;What now?
@bes2bibi;á‰ áˆ°áˆ‹áˆ
@CPutaChekwe;Chisanga Puta-Chekwe
@joesserwanga;Joe
@rens_beck;RensÂ®
@gjl57;Gaston J. Labadie
@fark;Fark
@VReed2015;Matell (Musical Artist)
@glumvillain;â˜­uÄ±ÉllÄ±ÊŒÉ¯nlÉ“â˜­
@gold_messenger;The Messenger
@genoeric1;GENO ERIC
@oranje8888;mr wombat ğŸ‡­ğŸ‡º âš½ ğŸ‡²ğŸ‡½ ğŸ‡§ğŸ‡·ğŸ‡ªğŸ‡¸ğŸ‡·ğŸ‡ºğŸ‡¸ğŸ‡¾ğŸ‡¦ğŸ‡ºğŸ‡®ğŸ‡·ğŸ‡®ğŸ‡¸
@ms_oh_tee;Miss Rose âœ¨
@BuzzingArround;Paula Costa
@Eileen56530204;Eileen
@MichaelTawiah31;Michael Tawiah3
@wichitawarlock;wichitawarlock
@lancejepsen;Lance Jepsen
@E_slamSalem;Eslam
@Roxyklo;KBeth ğŸŒ»ğŸŒ¼ğŸŒ»
@ixiiilm;i13
@Mr_Garwin;Libin Garwin
@mariacsuarez50;#JoeBiden2020
@PamBerg;Pam Bergren
@mariebgonzales1;Marie
@JDels2;J. Dels
@dawndash;Dawn Dash ğŸ“
@jcrutledge;JCR
@jhontxu;Jhon Torres Jimenez
@erik_wilking;Just Being Sarcastic
@He31540;Larry Rodriguez
@Bobbie08502969;Bobbie (political junkie)
@Ammar03282208;Ammar
@f_yourblog;Les_Sober
@GreatTammie;Tammie  the Great
@proadstudio;PrObama
@VDubese;Vuyolwethu Dubese
@4n3n2n1;Mickey Gibbs
@malatrix63;Mark paul
@Arcane__Lost;Arcane Lost.
@ccokermn;Michael Coker
@markgoo80547801;@markgoo80547805
@SevereSeverus;SeverusğŸŒˆ
@darthyoshiboy;DarthYoshiBoy
@DebbieNunn1234;Debbie Nunn ğŸŒŠğŸŒŠğŸŒŠ
