2020-08-10 08:06:19,"@elcomercio_peru tranquilos la mineria nos salvara! no es asi @MartinVizcarraC ? no nomejor aun , la confiep y los especuladores a los q se les dio millones con el plan reactiva peru , ellos nos salvaran"
2020-08-10 07:25:12,"@Politica_LR @epatriau Adi√≥s Arranca y Reactiva Per√∫, pasaremos a Resucita Per√∫."
2020-08-10 07:14:57,"@canalN_ Muy bien, no es amenaza deben cambiar a la Ministra Reactiva Per√∫."
2020-08-10 07:07:48,"@PodemosPepeLuna @ToniAlvaL Muy bien, REACTIVA PERU, Sin filtro error que el pueblo no perdona!!! Al mas se esconde por eso se aferra al cargo... Ojala se destape el proceso de entrega de subsidios a tasas 1% a las grande industria y que estas han parado"
2020-08-10 07:07:25,@valentinix1502 @ssoulblue @ensustrece @MEF_Peru El reactiva es solo para los aceitados y corruptos. Es una verguenza y traici√≥n a la patria.
2020-08-10 05:18:29,"@PodemosPepeLuna Esos medios de comunicaci√≥n recibieron su tajada a trav√©s de reactiva Per√∫, ahora le hacen el favorcito hablando mal de usted por qu√© apoya al pueblo #onp"
2020-08-10 05:04:37,"@ToniAlvaL Porfavor fae reactiva Per√∫ a los peque√±os empresarios y trabajadores independientes los bancos son unos abusivos est√°n reprogramando con intereses muy a pesar que a√∫n no se est√° trabajando por falta de capital.
Pronto devuelvan nuestros aportes de la ONP urgenteeeee"
2020-08-10 04:56:59,@elcomercio_peru Y cuanto chucha adeuda el comercio??? Y reactiva peru ahi no dicen chupas pingas
2020-08-10 04:50:48,"@NaciGringo @Politica_LR Yo creo ser√≠a una buena idea, tanto pensando en √©l hoy y en el futuro. Q el estado te otorgue un pr√©stamo, as√≠ como a dado reactiva Peru, con un a√±o de gracia, poniendo como garant√≠a tus fondos de las afp, un pr√©stamo con bajos intereses, para salir de esta crisis."
2020-08-10 04:30:48,"@Cuarto_Poder Algo sobre el primo de pantale√≤n o es verdad que reactiva per√∫,fue tambien para una productora de novelas"
2020-08-10 04:26:56,@elcomercio_peru Que pena por los cines peruanos como cisne star y no han podido recibir el reactiva Peru üáµüá™ porque todo es una farsa quiz√°s a cine planet le ayuden pero nunca a la@peque√±a ni mediana empresa
2020-08-10 04:23:39,"Para qu√© voy a poner en mi bio que soy rojete, si con mi opiniones del Reactiva Per√∫ basta."
2020-08-10 04:10:21,"Pilar Mazzetti: ""Tenemos que tomar medidas equilibradas entre el ser humano y la econom√≠a, m√°s arriba el ser humano. Si el virus mata, el hambre tambi√©n. ¬øC√≥mo hacemos? Si el pa√≠s no se reactiva, ni siquiera tendremos fondos para salud""
https://t.co/KWFTmm2twe"
2020-08-10 03:56:02,@larepublica_pe Totalitarismo de izquierda que no denuncia que Reactiva Per√∫ tambi√©n reactiv√≥ prost√≠bulos https://t.co/7TQJm719Hn https://t.co/y8f4FfJ7HR
2020-08-10 03:35:50,@PodemosPepeLuna La Ministra de la KONFIEP debe responder ante el Congreso por el negociado de REACTIVA PER√ö y el FRACASO de la pol√≠tica econ√≥mica en tiempos de pandemia.
2020-08-10 03:30:05,Ya quisiera ver reportajes sobre los negocios millonarios de la familia de la ministra Alva con el estado. Por los salvavidas millonarios con REACTIVA PER√ö a las √©lites empresariales. Es f√°cil con un sueldo de ministro decirle a la clase trabajadora que su dinero no existe.
2020-08-10 03:25:38,"Los de #CuartoPoder dice resistan, como va resistir los peruanos, si ustedes si hay beneficiado con ""Reactiva Per√∫""."
2020-08-10 03:14:51,"INDIGNANTE! @pizzahut recibi√≥ mas de S/13 millones de Reactiva Per√∫ üáµüá™, fusionada ahora con Telepizza est√°n botando a sus trabajadores a quienes les pagaban 420 mensual. Despreciable abuso, en el documentos hacen entender q el trabajor renunci√≥ x voluntad. FALSO. @MTPE_Peru https://t.co/NV7wdXyzEo"
2020-08-10 03:02:42,"@ToniAlvaL Srta Ministra estoy adeudado con los bancos, mi empresa no recibio ning√∫na ayuda del gobierno por favor suplico a su persona que me pueda ayudar con  reactiva  peru, estoy a punto de perder todo, gracias."
2020-08-10 03:02:19,@PanoramaPTV Uno de sus peores programas... Que paso?...mucho Reactiva Per√∫?
2020-08-10 02:56:06,"@CcantoBuendia @MTPE_Peru Ya son varios que cobro reactiva y luego despiden a trabajadores o se declaran en quiebra para abrir con otro nombre @ToniAlvaL vea quien se est√° quedando con millones y millones de reactiva,es mentira que el 70% fue a pymes."
2020-08-10 02:52:17,"@ensustrece @MEF_Peru MIENTRAS ESA PLATA ARDE, LA MAYOR√çA DEL PUEBLO POBRE Y OLVIDADO ESPERA QUE ALG√öN D√çA LLEGUE LA AYUDA REACTIVA PER√ö"
2020-08-10 02:44:26,@CristhianRS Los bonos no llegaron a los m√°s necesitados. Reactiva Per√∫ se qued√≥ en las grandes empresas. Las micro y medianas empresas se quedaron en abandono. Para una buena salud se necesita una buena econom√≠a.
2020-08-10 02:33:05,@Gestionpe Ser√° porque son peque√±as y microempresas que no tuvieron a Reactiva Per√∫ y que deben seguir pagando a los bancos altos intereses sin ninguna facilidad?
2020-08-10 02:09:05,"@larepublica_pe Canallas, Reactiva Per√∫ reactiv√≥ prost√≠bulos, s√°dicos dedtructores https://t.co/I11zzxlswe https://t.co/LYrUPKhkZv"
2020-08-10 02:04:53,"@JackyMc10 @JuveHidalgo En vez de Reactiva, deber√≠a llamarse Mermelada Per√∫."
2020-08-10 01:57:11,"@canalN_ Reactiva Per√∫ reactiv√≥ prost√≠bulos
https://t.co/I11zzxlswe https://t.co/zDt7LR4sXV"
2020-08-10 01:36:45,"La prensa medi√°tica del Per√∫, se han beneficiado con decenas de millones del plan ""Reactiva Per√∫"" y en compensaci√≥n, se dedican a darle espacios a los ministros del gobierno, especialmente a la de Salud, tratando de maquillar el estado de calamidad humanitaria qu√© vive el pa√≠s."
2020-08-10 01:33:44,@Minsa_Peru @Agencia_Andina @noticias_tvperu @RadioNacionalFM @DiarioElPeruano Waooo 7012 contagiados diarios en el d√≠a de hoy y 228 muertos que esperan para declarar emergencia nacional Comprar camas uci con toda la plata de reactiva peru f√°cilmente se hubiera comprado miles de camas uci
2020-08-10 01:15:21,@PFinal_FL por favor preguntar porque demoran mucho los Pr√©stamos REACTIVA PERU 2. COFIDE est√° demorando mucho hacer las evaluaciones
2020-08-10 00:46:23,"@carlosantoniobq @prianurita @JosCarl26153534 @DeltaMdelta @martinhidalgo Programa de Garant√≠as ‚ÄúReactiva Per√∫‚Äù El programa se inici√≥ con S/30 000 millones en garant√≠as, posteriormente, mediante el Decreto Legislativo 1485 se ampli√≥ el monto de las garant√≠as en S/30,000 millones adicionales, llegando a S/60 000 millones, equivalentes al 8% del PBI."
2020-08-10 00:44:56,Procurador Enco sobre Reactiva Per√∫: ‚ÄúEl perjuicio al Estado ha quedado consumado‚Äù https://t.co/bUVTCZBjyR
2020-08-10 00:07:31,"@matuk NO SE PUEDE, ESE ES EL MOTIVO PERFECTO PARA QUE EMPRESAS QUE RECIBIERON REACTIVA PERU (PARTE DE LOS $30 MIL MILLONES AL 1% ANUAL Y 1 A√ëO GRACIA) DIGAN SE FUERON ALA QUIEBRA POR VOLVER A CUARENTENA Y NO PAGARAN Y COMO LO GARANTIZA EL ESTADO NADIE PAGA Y AL FINAL CONDONAN."
2020-08-09 23:55:52,"#Minagri #Peru reactiva ganader√≠a, #Argentina inicia nuevas #negociaciones con #FMI, #Mexico sube la confianza #empresarial, #Actividad #econ√≥mica en #Chile continua cayendo y #mas informaci√≥n de #comercioexterior en #MinutoComex de #MasContainer
https://t.co/GQrIXXszo2"
2020-08-09 23:50:00,"@MarcoAsmatN2111 @ToniAlvaL Me gustar√≠a much√≠simo que la prensa investigara a las empresas que hicieron uso de Reactiva Peru. Grandes sorpresas saldr√≠an a la luz, la criollada , la viveza de algunos que se aprovechan haciendo mal uso de un dinero que bien podria ayudar a muchos"
2020-08-09 23:44:03,@ToniAlvaL Y cuando reactiva peru en las regiones.
2020-08-09 23:35:18,"Se les brindar√°n conocimientos para acceder a cr√©ditos de capital de trabajo del programa Reactiva Per√∫.
https://t.co/7UrVg8worb"
2020-08-09 23:25:51,"@Alex88aqp @ssoulblue @ToniAlvaL @MEF_Peru Eso dice el papel, pero en la Pr√°ctica las Emp grandes o las Mypes, no utilizaron el cr√©dito Reactiva para planillas sin Producci√≥n, teniendo obligaciones Financiera, gastos Fijos como Alquileres, Electricidad, Telefon√≠a e Internet y otros
Estamos en Per√∫
hecha la Ley hecha la T"
2020-08-09 23:21:22,"@subraschisu @FrepapBancada @congresoperu Hay plata para la corrupcion y empresarios con el reactiva peru , empresarios que no pagan impuestos. La prensa y sus opinologos lobistas les a lavado el cerebro a varios peruanos que se dejan enga√±ar por el mismo discurso. Zombies ."
2020-08-09 23:10:56,"@larepublica_pe que ya estaban demorando , esa ministra solo le dio dinero a la confiep y a los socios de su padre , la prensa basura coronandola como la mejor ministra porque el plan reactiva peru traslada mucho dinero del estado peruano  a medios de prensa , por la plata baila el mono"
2020-08-09 23:06:35,@malditaternura @ensustrece Mi empresa sigue en agon√≠a mientras el banco eval√∫a la solicitud de Reactiva Per√∫. Ya van tres meses que esperamos... Cu√°l es la l√≥gica???
2020-08-09 22:59:46,@arturoayala_4 As√≠ como Soyuz muchas empresas se declarar√°n en quiebra para no pagar los pr√©stamos de Reactiva Per√∫ y la deuda la asumir√°n todos los peruanos con los impuestos.
2020-08-09 22:56:52,Amado Enco: Elaboramos lista de empresas con investigaciones preliminares para filtro de Reactiva Per√∫ https://t.co/sIUQQmEnZv
2020-08-09 22:39:43,"La UTP, se beneficio con Reactiva Per√∫, obteniendo 10 millones de soles, pero no ha bajado las pensiones #UTPEscucha #UTPREDUCCI√ìNDEPENSIONESYA #UTPBASTASDEABUSOS #APRUEBENLALEY"
2020-08-09 21:44:55,"@elcomercio_peru Vizcarra y Martos dir√°n que es culpa de este desgraciado por salir a trabajar. Mejor que no sigan financiando con Reactiva Per√∫ a prost√≠bilos ni al lavado
https://t.co/fPBjal8TZ9 https://t.co/Vz7OeRQ0ZO"
2020-08-09 21:42:14,"@elcomercio_peru Mejor que Vizcarra y Toni Alva no sigan financiando prost√≠bulos y el lavado con Reactiva Per√∫
https://t.co/fPBjal8TZ9 https://t.co/y66nOkkJTi"
2020-08-09 21:40:37,"@larepublica_pe Mejor que Vizcarra y Toni Alva no sigan financiando Reactiva Per√∫ a prost√≠bulos ni al lavado
https://t.co/fPBjal8TZ9 https://t.co/Jn2DMvshDN"
2020-08-09 21:37:45,"@Politica_LR @larepublica_pe La misma confianza que dieron para dar Reactiva Per√∫ a los prost√≠bulos y al lavado y culpar al pueblo que trabaja y visita a sus familiares
https://t.co/fPBjal8TZ9 https://t.co/3xNGP75Ugg"
2020-08-09 21:36:02,"@larepublica_pe @CristianAqCh Mejor que Vizcarra y Toni Alva no sigan financiando Reactiva Per√∫ a prost√≠bulos ni al lavado 
https://t.co/fPBjal8TZ9 https://t.co/H9vPlq8syF"
2020-08-09 21:34:30,"@larepublica_pe Mejor que Vizcarra y Toni Alva no otorguen Reactiva Per√∫ a prostibulos ni al lavado
https://t.co/fPBjal8TZ9 https://t.co/ZWaG2T8TIN"
2020-08-09 21:32:04,@MartinVizcarra se sigue burlando de los peruanos porque reactiva Per√∫ caus√≥ perjuicio al Estado. Hubo robo que ha perjudicado al Per√∫ https://t.co/IzE6boxhtV
2020-08-09 20:57:06,"@martinhidalgo #reactivaperudependientes Nadie se ha preucupado de LA CLASE SOCIAL DEPENDIENTE, lo √∫nico que han echo es lo de la AFP que es nuestro propio dinero,nadie nos dio BONO,CANASTA,NI REACTIVA PER√ö, los bancos BUITRES siguen en lo suyo, algunos siguen en planilla,otros no,rebaj√≥ sueldo"
2020-08-09 20:52:41,"@danielfolivares #reactivaperudependientes Nadie se ha preucupado de LA CLASE SOCIAL DEPENDIENTE, lo √∫nico que han echo es lo de la AFP que es nuestro propio dinero,nadie nos dio BONO,CANASTA,NI REACTIVA PER√ö, los bancos BUITRES siguen en lo suyo, algunos siguen en planilla,otros no,rebaj√≥ sueldo"
2020-08-09 20:49:58,"@ToniAlvaL @MartinVizcarraC #reactivaperudependientes Nadie se ha preucupado de LA CLASE SOCIAL DEPENDIENTE, lo √∫nico que han echo es lo de la AFP que es nuestro propio dinero,nadie nos dio BONO,CANASTA,NI REACTIVA PER√ö, los bancos BUITRES siguen en lo suyo, algunos siguen en planilla,otros no,rebaj√≥ sueldo"
2020-08-09 20:44:56,"@DanielUrresti1 #reactivaperudependientes Nadie se ha preucupado de LA CLASE SOCIAL DEPENDIENTES, lo √∫nico que han echo es lo de la AFP que es nuestro propio dinero,nadie nos di√≥ BONO,CANASTA,NI REACTIVA PER√ö, los bancos BUITRES siguen en lo suyo, han perdido el trabajo o le rebajaron el sueldo."
2020-08-09 20:15:31,"@rosaelisach Al menos ayudan, hay mucho sitios q ganan hasta el triple y no han ayudado en nada.
Es m√°s est√°n pidiendo el famoso reactiva Per√∫."
2020-08-09 20:13:18,@MarcoAsmatN2111 @ToniAlvaL No solo reactiva peru ni el Fae Mype nos salva del descalabro economico..pero que no hay plan de trabajo masivo que se pueda implementar con tanta obra parada ..eso es ineptitud ya los bonos si los recibiste ya se gastaron
2020-08-09 20:02:28,@informateperu Bien carajo..!! A destapar la olla de grillos. Son una sarta de la lagartijas. Se est√°n aprovechando del dinero del Estado. Reactiva Per√∫ bajo la lupa de la investigaci√≥n..!!
2020-08-09 19:51:11,"@alvarosarco De partidas de tenis , de trolls , de "" ministros"", de fiscales , de funcionarios p√∫blicos , de alquileres estructuras de hospitales , del swing , de reactiva Per√∫ , de comandos , de ser cient√≠ficos sociales , de pub.estatal ,etc !"
2020-08-09 19:47:06,La propuesta manifestada por el gobierno tenga presente que hay empresas que no han calificado al REACTIVA PERU entonces este beneficio es una ayuda casi de supervivencia pero SUNAT disc√∫lpeme en verdad le llega altamente la devoluci√≥n 2/5
2020-08-09 19:24:17,@SUNATOficial @EsSaludPeru Vuelvo a REITERAR para cuando comienzan las devoluciones del IR 2019 no es posible las empresas no califican al REACTIVA PERU y tienen la devoluci√≥n de IR pero SUNAT no lo soluciona y deja que las empresas cierren por falta de liquidez AYUDEN RAPIDO.
2020-08-09 19:21:00,@larepublica_pe @heduardo50 @jctafur Cu√°nto dineros del Estado recibi√≥ ‚ÄúLa Rep√∫blica‚Äú a trav√©s del plan Reactiva Per√∫????
2020-08-09 19:20:46,"@Politica_LR @epatriau La vida de las personas siempre ser√° prinero, pero lamentablemente el Gobierno no extendi√≥ ayuda a todos y todas, por el contrario beneficio a las grandes empresas con el banquete de Reactiva Per√∫, mientras tanto el pueblo que se gana el d√≠a tiene que salir a morir para no morir."
2020-08-09 19:02:28,"@adrian_huberto @LidzaMacon @guiller280 No te d√≠ la raz√≥n, fue sarcasmo, pues al parecer no entiendes lo que es Reactiva Per√∫"
2020-08-09 18:23:32,@FrepapBancada @MariaCespedesc Me parece muy bien yo no tengo como solventar mi prestamo ya q como empresario. Q los bancos pongan su granito de ayuda y q bajen la tasa de inter√©s de pagos y reacondicionar la deuda debido a esta crisis de esta pandemia. Ya q el Reactiva Per√∫ solo est√° para los grandes.
2020-08-09 18:08:11,"@canalN_ Este tema , le explota en la cara al Ejecutivo. 
Los aportantes y ex aportantes de la ONP, NO son escuchados , NO hay Bono Universal , NO hay Prestamos personales con facilidades tipo Reactiva Per√∫ , NO hay topes a los intereses usureros de los bancos , esto genera indignaci√≥n..."
2020-08-09 18:06:04,"@MuniLima El peor enemigo del peruano es el reactiva Per√∫ q no llega a las tiendas de peque√±as empresas nos dejan morir financieramente. Presente mi solicitud al BCP hace dos mes y nada, el poco dinero ya lo derive a la alimentaci√≥n y pagos de servicios , y el COFIDE ?"
2020-08-09 18:02:08,@Gerardo28113431 @reactivaperu Y mientras tanto comenzamos a perder a nuestros clientes porq el poco dinero q uno tiene lo dirige a la alimentaci√≥n y servicios de agua electricidad e internet .. q pasa con ese COFIDE q el reactiva Per√∫ no llega a los peque√±os empresarios de tiendas
2020-08-09 17:48:02,"@reactivaperu eh presentado mi solicitud al reactiva Per√∫ a trav√©s del BCP y ya van dos meses q no tengo contestaci√≥n . Estoy en el RUS , pago a la Sunat, tengo mis licencias, mi nombre es Joel Santos Briones cruz . A ver si me ayudan agilizar mi solicitud"
2020-08-09 17:46:01,Reactiva Per√∫ caus√≥ perjuicio al Estado https://t.co/v9HVBLiHpZ
2020-08-09 17:44:17,"@ToniAlvaL ser√≠a muy apropiado que los cr√©ditos reactiva Peru se revisen,no podremos llegar a junio pr√≥ximo con actividades normales y este cr√©dito terminar√° ahog√°ndonos.
A lo menos alargar dos a√±os m√°s , decir dejar en 48 meses el plazo final ,aparte del a√±o de gracia, saludos"
2020-08-09 17:43:02,"@ToniAlvaL Soy empresario y estoy en el RUS presente mi solicitud al programa reactiva Per√∫ hace dos meses y hasta ahora nada. Pago a la Sunat ,tengo mis licencias de funcionamiento, soy Joel Santos Briones cruz ... Por favor necesito la aprobaci√≥n del cofide q a trav√©s del BCP ."
2020-08-09 17:29:43,"@pedrofrancke @Vero_Mendoza_F @NuevoPeruMov @victorzamora @MarisaGlave Para las empresas Reactiva Per√∫, da r√°pido y millones, para el pueblo limosnas y peripecias para cobrar, el Per√∫ es de todos y sus riquezas es de todos los peruanos, c√≥lera me da que misios defiendan a la Konfiep"
2020-08-09 17:25:31,@paudiovisual__ @sigridbazan ya te pronunciaste o tambi√©n callar√°s como con los despidos a pesar que La Rep√∫blica recibi√≥ plata de reactiva Peru?
2020-08-09 17:17:30,@el_quinto_poder @saldelsol La empresa de los primos de Pantale√≥n tambi√©n sacaron su reactiva Per√∫ pese a que le llovieron contratos durante la pandemia https://t.co/c8AZQhJqGO
2020-08-09 17:14:44,"El gobierno de #Vizcarra ha desfalcado la plata de los peruanos ascendente a 60 mil millones de soles bajo el pretexto del programa ""REACTIVA PER√ö"". 

https://t.co/paRxQemYXK https://t.co/QaOKSSJooj"
2020-08-09 17:02:05,"@MariaCespedesc Reactiva Per√∫ s√≠ di√≥ dinero a prost√≠bulos (que adem√°s lavan) y quieren volver a cuarentena y confinamiento en domingos. Claro, la culpa ""s√≥lo es de la gente pobre e ignorante"" nunca de gobiernos, pol√≠ticos ni m√©dicos dirigentes del CMP"" https://t.co/lWbKizJdlK https://t.co/xmyPMseL1g"
2020-08-09 16:59:47,"@steefsc @prianurita @JosCarl26153534 @DeltaMdelta @martinhidalgo As√≠ es! Pero las empresas que se salvan con Reactiva PERU o los bonos es a gente que NO decidi√≥ exista pandemia. La gente que se quedo en ONP decidi√≥. Creo bono y reactiva a quienes formales, yo s√© cu√°nto pague impuestos y cu√°nto me cuesta."
2020-08-09 16:44:53,"@Politica_LR @larepublica_pe Reactiva Per√∫ s√≠ di√≥ dinero a prost√≠bulos y quieren volver a cuarentena y confinamiento en domingos. Hay 3MILLONES empleos perdidos y culpa ""s√≥lo es de la gente com√∫n"" y nunca de gobiernos, pol√≠ticos ni m√©dicos dirigentes del CMP"" https://t.co/7TQJm719Hn https://t.co/Aj90Evzf6Z"
2020-08-09 16:42:07,"Es hora que el estado recupere dinero del pueblo entregado en Reactiva Peru, primero que se quite la garantia, luego cobrar a los bancos o a la empresa y si no quiere hacerle que se le embargue sus activos y bienes o las propiedades de los mafiosos que son representantes legales. https://t.co/rVrMRldQ3o"
2020-08-09 16:36:45,"@carlosantoniobq @prianurita @JosCarl26153534 @DeltaMdelta @martinhidalgo Con mis impuestos tambi√©n se est√°n pagando bonos, se est√° realizando reactiva Peru, subsidiando el metropolitano. Yo tengo que pagar porque m√°s del 70% del Peru es informal? Vamos un poco de empat√≠a con todos. Se puede hacer algo."
2020-08-09 16:25:01,"@larepublica_pe Por supuesto, todav√≠a no aclara la relaci√≥n que hay con empresas de su padre. Pero sobretodo Reactiva Per√∫ se ha hecho para la empresa pero no para la poblaci√≥n que se encuentra sin trabajo y dinero."
2020-08-09 16:19:53,"@ToniAlvaL PAga a los pensionistas de la ONP, ¬°corrupta!. Para Odebrecht y GYM ah√≠ si la plata si existe, y ni hablar para el reactiva Per√∫ para las grandes empresas cabeceras."
2020-08-09 16:08:15,Toneladas de dinero de reactiva per√∫ y la confiep da 10 respiradores...jajajajajajajajajajaj solidarios los empresarios peruanos... https://t.co/oio4FstGwE
2020-08-09 16:02:45,"@larepublica_pe Reactiva Per√∫ s√≠ di√≥ dinero a prost√≠bulos y encima quieren volver a cuarentenas y confinamiento en domingos. Ya hay 3MILLONES de empleo perdidos y la culpa ""s√≥lo es de la gente com√∫n"" y nunca de gobiernos, pol√≠ticos ni m√©dicos dirigentes del CMP"", bah https://t.co/7TQJm719Hn https://t.co/LuSP3FTeDs"
2020-08-09 15:56:52,"@diarioojo Claro como recibieron Reactiva Per√∫, siempre apunir√°n a favor no"
2020-08-09 15:54:51,"@MariaCespedesc Reactiva Per√∫ s√≠ di√≥ dinero a prost√≠bulos y encima quieren volver a cuarentenas y confinamiento en domingos. Ya hay 3MILLONES de empleo perdidos y la culpa ""s√≥lo es de la gente com√∫n"" y nunca de gobiernos, pol√≠ticos ni m√©dicos dirigentes del CMP"" https://t.co/lWbKizJdlK https://t.co/WDMTl2BZdw"
2020-08-09 15:54:37,"@FrepapBancada @MariaCespedesc Reactiva Per√∫ s√≠ di√≥ dinero a prost√≠bulos y encima quieren volver a cuarentenas y confinamiento en domingos. Ya hay 3MILLONES de empleo perdidos y la culpa ""s√≥lo es de la gente com√∫n"" y nunca de gobiernos, pol√≠ticos ni m√©dicos dirigentes del CMP"" https://t.co/lWbKizJdlK https://t.co/XrMszSI2vH"
2020-08-09 15:54:21,"@FrepapBancada @MariaCespedesc Reactiva Per√∫ s√≠ di√≥ dinero a prost√≠bulos y encima quieren volver a cuarentenas y confinamiento en domingos. Ya hay 3MILLONES de empleo perdidos y la culpa ""s√≥lo es de la gente com√∫n"" y nunca de gobiernos, pol√≠ticos ni m√©dicos dirigentes del CMP"" https://t.co/lWbKizJdlK https://t.co/PcyvPgK87l"
2020-08-09 15:47:49,@ssoulblue No vez que ella misma reparte el dinero de Reactiva peru ! All√≠ hay corrupcion pero de los mismos bancos que deciden a quien dan el dinero y a quien no.
2020-08-09 15:42:36,"@ToniAlvaL @suselparedes recuerde no a las personas endeudadas con los bancos, muy bien el reactiva Per√∫ pero necesitamos un reactiva peruano de a pie."
2020-08-09 15:31:58,"@noticiAmerica Ya era hora , esa ministra a dado $$$ de Reactiva Per√∫ a sus guaripolera del grupo el Comercio y Grupo la Rep√∫blica 10 millones c/u , a empresas ligadas a Odebrecht , para casas de citas( ver @ensustrece ) y loa mismos bancos han prestado a familiares y sus mismas empresas."
2020-08-09 15:30:26,@reditachi @vascodelgado01 @sergioc4lebcq @breiddymanuel @joaquinreyh Encima algunas grandes est√°n ah√≠ alargando sus pagos hacen lo q sea deben mas de 11000 millones y no quieren pagar as√≠ con pana y encima recibieron reactiva Per√∫ ü§∑‚Äç‚ôÇÔ∏èü§∑‚Äç‚ôÇÔ∏èü§∑‚Äç‚ôÇÔ∏è
2020-08-09 15:22:09,"@Manifiesto_Peru Que burla, se compro a los bancos, grandes empresas de Confiep y periodismo con Reactiva Peru, a los militares, gabinete corrupto con compras sobrevalorados con millonarios presupuestos en Covid nunca visto, y a todos los tiene en el bolsillo, y asi dicen eso"
2020-08-09 15:05:48,"@breiddymanuel @2812_ivan @VictorAndresGB Tambi√©n son su partido Swing , los primos de Salvador, los tenistas,los que recibieron millones de Reactiva Per√∫ etc"
2020-08-09 15:02:22,"@iguana_martin @ElPeruPrimero1 @Politica_LR @dperedaz @HenryCotos No todos üòä, el estado vive de lo que dejan, c√≥mo esperas que den cr√©ditos a  Reactiva Per√∫ a informales, si no dan boleta?, Si no tienen registro de ventas?"
2020-08-09 14:52:51,@ToniAlvaL El reactiva peru fase 2 para el @BCPComunica   que @Cofide_Peru  aun no aprueba para cuando
2020-08-09 14:50:42,"En el siguiente link, se ve las empresas beneficiadas por Reactiva, se piensa que ha sido creada para las grandes emp.

Veeamos, son 70 mil beneficiadas, en el Per√∫ en total existen alrededor de 6 mil grandes emp.

M√°s de 60 mil beneficiadas son Mipymes.

https://t.co/TCUs09Pd4Z"
2020-08-09 14:29:30,"@Politica_LR @larepublica_pe @epatriau Reactiva Per√∫ s√≠ di√≥ dinero a prost√≠bulos y encima quieren volver a cuarentenas y confinamiento en domingos. Ya hay 3MILLONES de empleo perdidos y la culpa ""s√≥lo es de la gente com√∫n"" y nunca de gobiernos, pol√≠ticos ni m√©dicos dirigentes del CMP"", bah https://t.co/7TQJm719Hn https://t.co/ZGAAdF6BdI"
2020-08-09 14:28:15,"@canalN_ Reactiva Per√∫ s√≠ di√≥ dinero a prost√≠bulos y encima quieren volver a cuarentenas y confinamiento en domingos. Ya hay 3MILLONES de empleo perdidos y la culpa ""s√≥lo es de la gente com√∫n"" y nunca de gobiernos, pol√≠ticos ni m√©dicos dirigentes del CMP"", bah https://t.co/7TQJm719Hn https://t.co/vu8ycmFNFx"
2020-08-09 14:27:57,"@canalN_ Reactiva Per√∫ s√≠ di√≥ dinero a prost√≠bulos y encima quieren volver a cuarentenas y confinamiento en domingos. Ya hay 3MILLONES de empleo perdidos y la culpa ""s√≥lo es de la gente com√∫n"" y nunca de gobiernos, pol√≠ticos ni m√©dicos dirigentes del CMP"", bah https://t.co/7TQJm719Hn https://t.co/YuNDpaOuP0"
2020-08-09 14:27:41,"@canalN_ Reactiva Per√∫ s√≠ di√≥ dinero a prost√≠bulos y encima quieren volver a cuarentenas y confinamiento en domingos. Ya hay 3MILLONES de empleo perdidos y la culpa ""s√≥lo es de la gente com√∫n"" y nunca de gobiernos, pol√≠ticos ni m√©dicos dirigentes del CMP"", bah https://t.co/7TQJm719Hn https://t.co/hXjH9pamr1"
2020-08-09 14:20:24,"Mibanco: ‚ÄúEl 90% de nuestros clientes ha accedido a alguna f√≥rmula de soporte frente a la crisis‚Äù 

üì∞ Contenido solo para suscriptores de El Comercio. Suscr√≠bete aqu√≠ para m√°s entrevistas ‚ñ∫ https://t.co/TtRaz5zCUm üì∞ https://t.co/C0daJXq0vC"
2020-08-09 14:18:26,"@Latina_Noticias Porque desacreditan el di√≥xido de cloro...todo parece indicar est√°n en las filas del nuevo orden inclu√≠do el gobierno actual con VIZCARRA. Ya que ustedes latina tv recibi√≥ dinero del estado mediante reactiva Per√∫ por 39 millones de soles...para seguir difundiendo miedo, temor.."
2020-08-09 13:47:48,"Ceses laborales en cadena de comida r√°pida, minera y universidad del grupo Hochschild https://t.co/YWL6jvqCm0 v√≠a @Ojo_Publico"
2020-08-09 13:44:53,"@Politica_LR @dperedaz @HenryCotos deuna vez que caigan esos mafiosos el plan reactiva peru es un traslado de dinero enorme directamente de las arcas del estado a la confiep y a los especuladores , esto es una verguenza considerando lo que esta pasando el pais y q mas del 70% de trabajadores son informales"
2020-08-09 13:41:59,Procurador Enco sobre Reactiva Per√∫: ‚ÄúEl perjuicio al Estado ha quedado consumado‚Äù https://t.co/0QVAv0cqDN
2020-08-09 13:37:26,"@PTV_Noticias @PanamericanaTV Y encima recibi√≥ dinero de Reactiva Per√∫ ? M√°s Sinverg√ºenza que la grand√≠sima üòÇüòÇüòÇüí∞üí∞üí∞, por eso nuestro Pa√≠s sigue Jodido..!!"
2020-08-09 13:35:12,"@ssoulblue @ToniAlvaL Hay personas que creen que Reactiva Per√∫, es una especie de Bono para ser entregado a todas las Mypes sin excepci√≥n alguna y en algunos caso extremos, creen que no se les entrego ese Bono, por preferir entregar los Bonos a otras Emp que no se lo merecen ...üò¢üò≠"
2020-08-09 13:35:00,"Costa del Sol: ‚ÄúLos viajeros deben percibir seguridad al viajar, no solo con los hoteles sino en las ciudades‚Äù 

üì∞ Contenido solo para suscriptores de El Comercio. Suscr√≠bete aqu√≠ para leer m√°s entrevistas ‚ñ∫ https://t.co/TtRaz5zCUm

https://t.co/WRi2TjwbgO"
2020-08-09 13:29:50,"@ensustrece @MEF_Peru Pero eso eval√∫a el banco...en este caso es el BCP...el gobierno no da directamente el dinero, esas empresas son clientes del BCP, ellos te llaman, te escr√≠ben avis√°ndote que eres beneficiario de reactiva Per√∫ por ser cliente de su banco"
2020-08-09 13:24:08,"@valentinix1502 @ssoulblue @ensustrece @MEF_Peru Esto ocurre con much√≠simas medianas y micro, empresas ....esta explicaci√≥n debe dar en el congreso la ministra @MEF_Peru , sabiendo que en nuestro pa√≠s la econom√≠a se reactiva desde abajo, .. quienes recibieron apoyo de Reactiva PERU... son los grandes grupos de comunicaci√≥n..."
2020-08-09 13:09:51,"@ssoulblue Y conociendo a su comadre del MP, la cual nunca ve nada,  har√° que se no se le abra investigaci√≥n por el famoso Reactiva Per√∫."
2020-08-09 12:57:11,"@CeciGarciaPeru Jose ninahuaman,  te hago la pregunta, Mart√≠n Vizcarra, Mar√≠a Antonieta Alva, Julio Velarde, de d√≥nde sacaron dinero para financiar a los grandes grupos econ√≥micos a trav√©s de reactiva Per√∫?"
2020-08-09 12:21:59,"@clanseros Muy f√°cil, cuando tienes tus aportes en la AFP y tildar de populistas a quienes proponen el retiro justo porq hoy..hoy no hay dinero en el bolsillo..claro como tu no jalas la carreta!!....se q entender√≠an..  pero hayüí©üí© q derrochan dinero p√∫blico, hasta OD esta en reactiva Per√∫."
2020-08-09 12:17:56,"@DRUZZOGAMERO @Politica_ECpe @martinhidalgo Y los $30mil millones que se tir√≥ en Reactiva Per√∫ solo para grandazos y amigotes de los banqueros al 1% anual y 1 a√±o de gracia  ,mientras las micro y peque√±as nada y siguen pagando 140%al a√±o"
2020-08-09 11:49:34,@alvarezrodrich Reactiva peru a entregado millones a empresas pendejas que no nesecitan y al pueblo que se muere hambre...nada...son 5 meses que no trabajan...si no es el 100% al menos la mitad...para sobrevivir...estamos jodidos...los bonos no llegaron a todos
2020-08-09 10:56:04,"@ToniAlvaL Cada d√≠a est√° m√°s claro que el MEF es una instituci√≥n al servicio de los Grandes Grupos Econ√≥micos.Esto se demuestra claramente en el famoso ""Reactiva Per√∫""...¬øY las MYPES?,¬øY los bonos para la gente que perdi√≥ empleo y no tiene ni para comer?...Absolutamente NADA q celebrar!!!"
2020-08-09 08:01:30,"@KaoruOshiro2 @ToniAlvaL Por si lo dudaban.  
La mejor Ministra de los √∫ltimos a√±os. S√≥lo ella sabe como se manejan las cosas en el MEF. No por nada fue RATIficada. https://t.co/ESReZNhPup https://t.co/oWk48zpw1g"
2020-08-09 07:25:07,Reactiva Per√∫ caus√≥ perjuicio al Estado https://t.co/dE7ruqqjdp
2020-08-09 06:59:12,"esta es la programaci√≥n del 10 al 14 de agosto ‚Äì Realidad Noticias relevantes del Per√∫ y el Mundo, COVID-19, Reactiva Per√∫, Arranca Per√∫, Cuarentena focalizada y Reconstrucci√≥n con¬†cambios https://t.co/okfao2R59z"
2020-08-09 06:31:16,"@ToniAlvaL Estimada Antoniata Alva 
Yo soy empresaria hace m√°s de 20 a√±os pero estoy sorprendida que no puedo tener un cr√©dito con el Programa Reactiva Per√∫ .
Tengo mis cuentas corrientes con el banco BCP.
Soy Mype .
Y me recomiendan que busque otro banco .
Estoy muy preucupada"
2020-08-09 06:06:20,"@FrepapBancada Exigir al Premier q el MEF no ponga trabas avdevoluci√≥n para Onp y de ex aportantes AFP. Este dinero ayudar√° DIRECTAMENTE a reactivar la econom√≠a familiar d millones d personas. Los Bonos y REACTIVA PER√ö fracasaron, q el Ejecutivo entienda eso, as√≠ la gente no saldr√° a las calles"
2020-08-09 05:21:41,@ToniAlvaL Oye ministra con bachiyer y t√∫ t√≠tulo eres una estafa como t√∫ reactiva Per√∫
2020-08-09 05:01:08,@DanielUrresti1 Estas de acuerdo que @julianaoxenford  hable de REACTIVA PER√ö  y nos diga cuanta plata le dieron a su canal ü§î https://t.co/yoW1VwIykq
2020-08-09 05:00:27,"Tremendo negociado q ha beneficiado a las grandes empresas deudoras a la SUNAT con millones de soles q ni los van a pagar x estar garantizados al 98%... Mientras los MYPES estamos a punto de quebrar xq @Cofide_Peru no libera el dinero a las financieras

https://t.co/lOcze0RVur"
2020-08-09 04:42:41,"@malditaternura @KarinaNovoaL @ensustrece El reactiva Per√∫ es para todos las empresas formales, no importa el rubro me imagino que tienen un buen historial crediticio eso aval√≥ el pr√©stamo. Quien lo otorga es el BCP no vizcarra"
2020-08-09 04:29:54,"@midoeru @malditaternura @ensustrece @midoeru osea esos negocios siempre han existido antes del reactiva peru y ahora por recibir el prestamo recien empiezan a condenarlos?, el unico requisito que se puso fue que los negocios que obtuvieran el prestamo tributen, hay mucha doble moral"
2020-08-09 04:26:06,@juliopasosperu @martinhidalgo @AccionDeAmparo Gracias a @ToniAlvaL este reactiva peru se convirti√≥ en un burdel.
2020-08-09 04:21:36,@cosotec @Gestionpe @JoseLunaGalvez @congresoperu @DanielUrresti1 y la porqueria de reactiva peru que es? darle dinero a la confiep te parece profesional? si quiera la gente puede acceder a su dinero y no depender de los bonos basura del mafioso de vizcarra q solo llegan a sus amigos
2020-08-09 04:17:47,"@julianaoxenford ati te seguiran tambien las 48,mil almas de esta pandemia por que no tienes sentimientos ni sufrimientos de la gente q se sigue muriendo..por decir la verdad escudas a un mentirosa por el simple hecho q REACTIVA PERU los mantienen..con plata de los Peruanos."
2020-08-09 04:02:17,"@MEF_Peru @MTPE_Peru @ToniAlvaL El peor da√±o que est√°n haciendo a los trabajadores en suspensi√≥n es que mientras la suspensi√≥n est√° en tr√°mite no pueden acceder al bono de Essalud, mientras tanto tienen que sobrevivir como puedan, los empresarios han pedido a reactiva peru ayuda para su beneficio propio."
2020-08-09 04:02:12,@xafu Los bancos les han asegurado via Reactiva Peru el futuro a muchas empresas corruptas y les han denegado acceso a miles de empresas sin ning√∫n cuestionamiento poni√©ndolas en una cr√≠tica situaci√≥n.
2020-08-09 03:56:19,Reactiva Per√∫ caus√≥ perjuicio al Estado https://t.co/QJrDUH89Df
2020-08-09 03:49:13,"@ToniAlvaL Ministra, con todo respeto se ha preguntado en que Pais Vive? 
Bajese de esa nube, su labor hasta ahora es ineficiente al igual que el programa reactiva Per√∫. Si realmente quiere reconocimiento, comience ahora, ganeselo al lado del pueblo X EL PUEBLO!!!!"
2020-08-09 03:24:18,"@ToniAlvaL Ministra Alva , el Per√∫ no saldr√° adelante si usted le da la espalda a la poblaci√≥n. 
Brinde un verdadero Bono Universal a toda la poblaci√≥n que tiene dni y/o un prestamo personal , con las misms facilidades de Reactiva Per√∫ a la ciudadania , en Chile ya lo ejecutan... https://t.co/LOsk5v6nit"
2020-08-09 03:03:39,"@ToniAlvaL Estimada, Antonieta:
Solicito haga una correccion/adenda en los lineamientos para acceder a Reactiva Peru. Puntualmente, en el requisito Central de Riesgo- Normal- a Febrero 2020. Muchas Pymes tienen inconvenientes absurdos. Pues la medida en este requisito es R√≠gida."
2020-08-09 02:57:16,@ToniAlvaL Solo le pido que se contin√∫e con los pr√©stamos de reactiva Peru Para los peque√±os microempresarios. Se que no es f√°cil esta tarea . Conf√≠o en usted
2020-08-09 02:56:32,@ToniAlvaL @MEF_Peru Dile eso a toda la gente que muri√≥ porque n tuvieron que salir a buscar dinero.. por las empresas  a la que les diste el reactiva los despidio y los dejo en la calle
2020-08-09 02:51:24,"‚ÄúEstamos cerca de cumplir el sue√±o de tener un transporte digno‚Äù ‚Äì Realidad Noticias relevantes del Per√∫ y el Mundo, COVID-19, Reactiva Per√∫, Arranca Per√∫, Cuarentena focalizada y Reconstrucci√≥n con¬†cambios https://t.co/4LSYoqvn3p"
2020-08-09 02:46:31,"@SocratesPeru @malditaternura @ensustrece Si seguro mientras q miles de micro, peque√±os y medianos empresarios no fueron beneficiarios con el programa reactiva Per√∫, la productora del reality ESTO ES GUERRA Y EN BOCA DE TODOS recibi√≥ m√°s de 3 millones de reactiva Per√∫ eso como ejemplo."
2020-08-09 02:44:29,Reactiva Per√∫ caus√≥ perjuicio al Estado https://t.co/8Yds6eMFhT
2020-08-09 02:22:50,"@fitoflores Esta en cola para cobrar su reactiva Per√∫ 
ü§≠"
2020-08-09 01:55:42,"Mientras los bonos no llegaron a los m√°s humildes el programa ""Reactiva  Per√∫"" termin√≥ siendo una repartija, ni en tiempos de Pandemia dejaron las malas ma√±as. https://t.co/9ai3a6Ejax"
2020-08-09 01:48:56,@BigoteDali7 @Minsa_Peru @Agencia_Andina @noticias_tvperu @RadioNacionalFM @DiarioElPeruano Se supone que el instructivo de la OMS para los resultados es solo a trav√©s de pruebas de prote√≠na C reactiva (PCR). No se porque algunos pa√≠ses contabilizan las pruebas r√°pidas.
2020-08-09 01:40:38,"@breiddymanuel @micky00071 @sergioc4lebcq @joaquinreyh Me acaba de decir que el gobierno deber√≠a entregar todo el fondo de Reactiva Peru de 60 mil millones de soles a cada trabajador del Peru, yo no se como la gente puede pensar estas cosas."
2020-08-09 01:32:46,"@ensustrece @MEF_Peru No vengan con moralinas, esos negocios generan m√°s puestos de trabajo y mantienen m√°s familias que su panfleto. A donde no debe ir el dinero de Reactiva es a empresas investigadas por corrupci√≥n."
2020-08-09 01:28:43,Leo que ‚ÄúReactiva Peru‚Äù le dio plata a varios burdeles y casas de putas. Una veguenza!
2020-08-09 01:00:00,"@andrerc19 @elosodefelpa @Gestionpe Qui√©n te va a llorar ? Seguro que ni te importa que Reactiva Per√∫ BCP  preste nuestro dinero a prostibulos , a empresas que lavan dinero , a las farmacias de Intercorp ."
2020-08-09 00:47:06,"@CONFIEP @EsSaludPeru QUE EMOCION!!!‚ò∫‚ò∫‚ò∫ SE SOPLAN 60 MIL MILLONES GRACIAS A LA DELINCUENTE DE @ToniAlvaL Y CON LA MISMA PLATA ""DONAN"" RESPIRADORES Y CREEN QUE TODO EL PERU LOS TIENE QUE APLAUDIR?? PORQUE NO DONARON NI UN FOSFORO ANTES QUE LES DEN LA PLATA DE REACTIVA @CONFIEP ??? MISERABLES!!üò°üò°"
2020-08-09 00:43:59,"@caraujocaraujo @Juanca89844775 @martinhidalgo Reactiva Peru otorga prestamos a empresas a bajo interes para q no quiebren y no despidan trabajadores, no esta regalando plata. Si eres decente no difundias mentiras. No pueden prestar a nightclubs porque estan prohibidos de funcionar y no cumplen requisitos para acceder."
2020-08-09 00:43:08,Reactiva Per√∫ ayuda a negocios vinculados al sexo y a la prostituci√≥n https://t.co/WlckbDC99x
2020-08-09 00:29:46,"@ToniAlvaL Se√±orita ministra mi esposa y yo tenemos una micro empresa, somos formales. Mi ruc es el 10067184357, me he presentado a todos los bancos de  reactiva Per√∫ y ninguno me ha brindado un pr√©stamo. Llevamos 5 meses sin trabajo. Ojal√° le llegue este mensaje a usted. (1)"
2020-08-08 23:47:34,@joaquinreyh Reactiva peru a dado millones a empresas que NO nesecitan....es logico que la gente reclame su plata...hay millones de desempleados ...
2020-08-08 23:45:10,"@marius_ed @guidame @EnriqueFCHA @MilagrosLeivaG @uit_ci @Politica_LR @UitCi @vozdelatierra @BancadaFAperu @JavierLeonforte @IzqSocialista @peru21noticias @CarlosPortillas Porque repites lo que leistes en un meme. No es un regalo, es un ptmo. Reactiva Per√∫ tb esta llegando a los peque√±s y medianos empresarios obvio que tengan un buen historial crediticio y no sean los morosos de siempre, q sean formales tengan RUC, paguen impuestos asi sean minimos"
2020-08-08 23:34:17,"@arturoayala_4 Con lo que les dio el estado con reactiva peru, ¬øno hubiera salido m√°s barato que el mismo estado consiga los ventiladores por su cuenta?"
2020-08-08 23:27:43,"@malditaternura @ensustrece Una verg√ºenza con reactiva Per√∫, hay muchos microempresarios q no hemos recibido ni un sol del Gobierno, pero para cobrarnos los impuestos ah√≠ si son los primeros, miserables"
2020-08-08 23:17:21,@ensustrece @MEF_Peru Reactiva la leche ahhhhh
2020-08-08 23:12:06,@recisneros @Jaime_Gabaldoni @univisionabordo @latinatvpe Con tantos periodistas despedidos o en suspenci√≥n perfecta. Los que quedan tienen que hacer el trabajo de cinco y que les queda? Copiar y pegar de los memes de las redes sociales sin ninguna investigaci√≥n para los due√±os de los medios que ya cobraron su reactiva Per√∫.
2020-08-08 22:58:01,"@peru21noticias Esa es la tragedia que sufre la poblaci√≥n en todo el Pa√≠s, por eso es que es indignante, como mi√©rcoles la Ministra y el BCR lo primero que hicieron fue poner a disposici√≥n de las grandes corporaciones 30,000 mill√≥nes con Reactiva Per√∫,y sin embargo los hospitales colapsados !!"
2020-08-08 22:50:56,@Marco190477 @HernanAR24 @DanielUrresti1 Tu preoc√∫pate de las empresas que no van devolver los pr√©stamos de reactiva Per√∫  m√°s no de mi AFP
2020-08-08 22:28:25,"@arturoayala_4 ESA COMPRAS ES CON FONDOS P√öBLICOS, LA PLATA DEL PUEBLO. , NO NOS ENGA√ëEN,YA BASTANTE EL ESTADO LES APOYA,ADEM√ÅS  ES PLATA DEL PUEBLO, 120 MIL MILLONES DE SOLES RECIBIERON CON REACTIVA PER√ö  Y PARA 21 OBRAS. USTEDES SON LOS BENEFICIADOS.,USTEDES NADA DAN DE SU BOLSILLO"
2020-08-08 22:16:25,"@ExpresoPeru Como se premia a los pol√≠ticos que no hablan mal del genocida, reactiva Peru para ellos, y para los que se atreven a revelar la cantidad de contagiados, muertos y corrupci√≥n por parte de la banda de choclito nada, que boten a sus trabajadores, que quiebren no es problema de ellos"
2020-08-08 21:58:59,Lo que nos faltaba. No hay control sobre Reactiva Per√∫. https://t.co/27KIxP7liB
2020-08-08 21:55:40,@Elcasti69714805 @ramon19760264 @bbva_peru Lo que dejan de cobrar por el Reactiva Peru se lo sacan a los clientes . El Banco nunca pierde.
2020-08-08 20:59:18,"@SanchezPecho @Gestionpe Si los Grupos de Poder  , cogier√≥n la mayor parte de la torta de Reactiva Per√∫ 1 y 2  60,000 MILLONES  de soles , para impulsar  su econ√≥mia por la pandemia , con mucha mayor raz√≥n , le debes brindar Bono Universal y /o prestamo personal ,con las mismas facilidades a la poblaci√≥n https://t.co/G5UnoI5v5U"
2020-08-08 20:57:40,Vizcarra  presta dinero de reactiva peru a muchos prost√≠bulos  de lima y provincias   en esto gasta dinero de peruanos https://t.co/P62nmxmE3s
2020-08-08 20:42:15,@ensustrece @MEF_Peru Reactiva amigos del Gobierno
2020-08-08 20:16:16,@RPPNoticias @RPPNoticias lo de reactiva Per√∫ les da a escribir esto?
2020-08-08 20:01:27,"@diariocorreo En @congresoperu al parecer no leen Normas Legales ...los pr√©stamos d Reactiva Peru los eval√∫an y deciden a quien prestan son Bancos, estos cobrar√°n con intereses los prestamos. 
Bonos entrega complicada NO todos tienen cuenta Bancos."
2020-08-08 19:47:38,El procurador anticorrupci√≥n Amado Enco asegur√≥ que ‚Äúel perjuicio al Estado ha quedado consumado‚Äù sobre los pr√©stamos de Reactiva Per√∫ que fueron otorgados a empresas vinculadas a casos de corrupci√≥n . https://t.co/90ux6xrpjo
2020-08-08 19:09:14,"Acabo de entender que para aplicar a Reactiva Per√∫ los empresarios deber√≠an tener un nigh club o prostibulo, solo as√≠ podr√≠as aplicar r√°pido y de mejor manera a este beneficio que se supone es para ‚Äú todos ‚Äú, los emprendedores. Gracias ministra @ToniAlvaL"
2020-08-08 18:39:47,"Me da pena que @ToniAlvaL vaya a la c√°rcel por la mala gesti√≥n de REACTIVA PER√ö. Luego recuerdo que la Gerenta General de la @CONFIEP fue una de las que le dio su beca a Harvard y se me pasa.
Ojal√° tu y tu amigos terminen pagando sus cr√≠menes por enriquecerse en plena pandemia. https://t.co/M9Vkdv89Ko"
2020-08-08 18:16:24,"@vozdelatierra @MilagrosLeivaG @FrenteAmplioPe @congresoperu No m√°s CORRUPCI√ìN, la ministra de econom√≠a es una persona que no le importa el destino de los peruanos, reactiva Per√∫ solo para los amigos empresarios millonarios, tablet Viene con CORRUPCI√ìN, basta VACANCIA ya."
2020-08-08 18:09:38,"@Gestionpe REACTIVA PERU del homosexual @MartinVizcarraC.
Un acierto SUPER EXTRAORDINARIO para las grandes empresas, los bancos, para la prensa y TV basura y para las mineras.
@caretas, @cgt_peru, @cnddhh, @SUTEP_Peru, @CaceresLlica."
2020-08-08 18:06:12,"@MadeleineOster3 @MilagrosLeivaG Basta de seguir manteniendo CORRUPTOS TRAIDORES sinverguensas, dentro de los ministerios de educaci√≥n y econ√≥mia, basta de seguir perjudicando a los peruanos, falzas promesas de reactiva Per√∫,solo para millonarios, tablets viene con CORRUPCI√ìN."
2020-08-08 18:05:57,"#Peru. @congresoperu 
Amado Enco. Los errores normativos de Reactiva Per√∫ se hubiesen evitado si el @MEF_Peru hubiera convocado a las entidades del sistema anticorrupci√≥n y antilavado de activos: Ministerio P√∫blico y la Procuradur√≠a Anticorrupci√≥n.
https://t.co/syBJ0gNhHi"
2020-08-08 18:02:52,"@AccionDeAmparo C√≥mo dijo Mufasa en el Rey Le√≥n :
Es para MORIRSE de risa

https://t.co/PmUkruV80E https://t.co/3Et3dvtQJ9"
2020-08-08 18:01:09,"#Peru. @congresoperu Procurador anticorrupci√≥n, Amado Enco ‚ÄúEl perjuicio al Estado ha quedado consumado‚Äù.
Los cr√©ditos que el gobierno de @MartinVizcarraC aval√≥ para empresas cuyos accionistas delinquieron o causaron p√©rdidas econ√≥micas.
https://t.co/syBJ0gNhHi"
2020-08-08 18:00:11,"Por eso VIZCARRA les paga bien, les da BONOS, REACTIVA PER√ö y un mont√≥n de beneficios. https://t.co/usyWD7KrBr"
2020-08-08 17:58:06,"@RosaTolerante @AccionDeAmparo https://t.co/PmUkruV80E
Gracias @ToniAlvaL por los pr√©stamos a los que menos tienen !!! ü§´"
2020-08-08 17:52:16,"@FREPAP_FIA BUENA INTENCI√ìN PERO DESTRUIR√çA LAS INSTITUCIONES PREVISIONALES.
* PROPUESTA ALTERNA :
1. QUE EL ESTADO D√â CR√âDITOS ""BLANDOS"" (1% INTER√âS A PAGAR AL FINAL DE LA PANDEMIA) DE ""REACTIVA PER√ö""; AL APORTANTE Y A QUIEN SE MATRICULE EN EL SISTEMA, FORMALIZ√ÅNDOSE; QUE LO REQUIERA....///"
2020-08-08 17:47:25,"PERUANOS DEBER√ÅN DE PAGAR LOS PR√âSTAMOS QUE NO PUEDAN PAGAR LAS GRANDES EMPRESAS
@ToniAlvaL  Luperdi, Ministra de Econom√≠a @MEF_Peru  asegur√≥ que las grandes empresas q no puedan pagar los pr√©stamos de #REACTIVA_PER√ö lo tendr√°n q asumir todos los peruanos
https://t.co/ufWoUdek6l"
2020-08-08 17:37:37,"Entonces reactiva en 15 d√≠as la planta de ox√≠geno de la Oroya que puede producir 300 toneladas de ox√≠geno diariamente, m√°s de lo que demanda todo el Peru. Te lo ofrecieron hace 3 meses y no lo hacen por que no hay coima para la mafia regente. Estado indolente y delincuente https://t.co/SvI1Tv805n"
2020-08-08 17:34:28,"@PBODigital @xafu: REACTIVA Per√∫ caus√≥ PERJUICIO al Estado.
Se entregaron MLLNS del tesoro p√∫blico a EMPRESAS PRIVADAS INVESTIGADAS por CORRUPCI√ìN. 
La ministra ALVA no convoc√≥ a las entidades del sistema anticorrupci√≥n y antilavado de activos. ¬ø#MAFIA? https://t.co/488KwPnpLf"
2020-08-08 17:29:18,"... Per√∫ MEF Decretos:
1 Bonos Susp Perfecta y Reactiva
2 No accede a Reactiva si declar√≥ Susp perfecta
3 Empleador no inscribe Susp perfecta para acceder a reactiva
4 Reactiva no llega
5 Trabajador sin remuneraci√≥n ni bono
6 SEIS MESES VAN @MartinVizcarraC @ToniAlvaL @exitosape"
2020-08-08 17:21:59,Seguimos creando m√°s #Oportunidades para m√°s peruanos üáµüá™ https://t.co/OBx8F2v94e via @BBVA
2020-08-08 17:18:38,@informateperu Reactiva Per√∫ no usa fondos del Estado se√±or Procurador.
2020-08-08 17:12:32,"@ensustrece @MEF_Peru Y mi empresa sigue esperando respuesta a la solicitud para el reactiva 3 entidades ""0"" respuestas.. no he sacado a ni 1 operario  porque se que no tienen otro sustento , cumplo con los requisitos que piden, no se que evaluan para otorgarlo"
2020-08-08 17:08:37,"#PUNO | Asociaci√≥n de artesanos y artesanas pide apoyo para enfrentar la crisis

""el 70% son mujeres y muchas de ellas no han recibido ni un bono, ni siquiera han podido acceder al programa Reactiva Per√∫‚Äù

‚ûõ https://t.co/MaaD7lmbby https://t.co/McyF1Zvt5P"
2020-08-08 17:07:28,"‚ö†¬°¬°¬°ATENCI√ìN!!! El procurador anticorrupci√≥n, Amado Enco indic√≥ que sobre los pr√©stamos de Reactiva Per√∫ el ministerio de Econom√≠a no ha convocado a las entidades del sistema anticorrupci√≥n y antilavado de activos.https://t.co/xvDXZdgYhw"
2020-08-08 17:05:24,"@ferncastillov @ensustrece @MEF_Peru Se ve que no sabes ni mierda de tributaci√≥n, sino sabes como mide el estado los pagos al fisco, y como se aprobaron las empresas al reactiva, mejor no opines triste ignorante"
2020-08-08 16:18:20,Vizcarra  y ministra de econom√≠a  cometieron actos delictivos  al entregar creditos a empresas  en corrupci√≥n   https://t.co/OTWYhijkBT
2020-08-08 16:00:25,BBVA facilitar√° cr√©ditos de Reactiva Per√∫ a m√°s de 100 mil bodegueros https://t.co/UFpweRtFaq a trav√©s de @larepublica_pe
2020-08-08 15:57:22,@xafu Y quien la responsable de Reactiva Per√π @congresoperu  ?
2020-08-08 15:55:52,"@Lucame2507 @petruquio555 @ensustrece @MEF_Peru Hahaha
Eso huele a ""mojada de mano""
Siendo as√≠, voy a abrir un fumadero con nombre de bar. Vendo unos traguitos, pago impuesto, quien sabe me cae el Reactiva Peru."
2020-08-08 15:51:44,Reactiva Per√∫ caus√≥ perjuicio al Estado ‚Äì Diario Expreso https://t.co/kRoi5aVEhw
2020-08-08 15:50:08,"Reactiva Per√∫ caus√≥ perjuicio al Estado.
Se entregaron millones a empresas investigadas por corrupci√≥n. La ministra Alva no convoc√≥ a las entidades del sistema anticorrupci√≥n y antilavado de activos.
https://t.co/5j2inXlH2U"
2020-08-08 15:47:46,"@petruquio555 @ensustrece @MEF_Peru Oe retrasado, esas son las condiciones para acceder a reactiva Per√∫, y si la  cumplen califican, sino quer√≠an que estos locales acceden, las hubieran puesto como exclusiones, pero que vas entender esto mascota, lee para que no hagas el rid√≠culo"
2020-08-08 15:43:52,"@ensustrece @MEF_Peru Si figuran en la lista reactiva, es xq contribuyen al fisco, son formales, y no son cabeceadores, donde estar√≠a el problema?... ahora mencione sus antecedentes de los que no se beneficiaron, esa ser√≠a noticia"
2020-08-08 15:42:36,@Soy_Aprista @Jaicec Y reciben Reactiva Per√∫ https://t.co/H67Jr5ZCjC
2020-08-08 15:37:08,"Magaly Mayra ""Vargas Llosa"" Quintero ""Nueva Zelanda"" ""La Rep√∫blica"" Liverpool yanira nadine Londres urresti ""Reactiva Per√∫"" Huancayo melgar federaci√≥n montesinos Metropolitano coki #AprendoEnCasa ESSALUD"
2020-08-08 15:29:44,"En @ensustrece: PLATA ARDIENTE. Seg√∫n informaci√≥n oficial, Reactiva Per√∫ del @MEF_Peru ha ayudado a parar la olla a algunos negocios vinculados al sexo: night clubs, sex shops, saunas donde se ejerce la prostituci√≥n y m√°s. La nota en https://t.co/ofhuiWJRAU. https://t.co/zfWSm1tfF5"
2020-08-08 15:29:16,"‚ÄúLo que hemos visto es un crimen‚Äù ‚Äì Realidad Noticias relevantes del Per√∫ y el Mundo, COVID-19, Reactiva Per√∫, Arranca Per√∫, Cuarentena focalizada y Reconstrucci√≥n con¬†cambios https://t.co/k6o4hxwJBy"
2020-08-08 15:22:25,"@Sobrevi30272146 @SandraLoiseR @larepublica_pe @sigridbazan Este diario se va ala quiebra dentro de poco , si cae  Vizcarrata  al tk cierra y vende sus propiedades , el problema es qui√©n va devolver los 10 millones de Reactiva Per√∫ que le dieron x ser guaripolera del gobierno ??"
2020-08-08 15:19:46,"@Charlie85315488 @RiderBendezu @Maricarmen_Cix @YaniraDavila @larepublica_pe @coutomayra Le dieron a/10 millones de Reactiva Per√∫  y encima bota gente  y baja sueldos ,solo queda los lacras y chupamedias"
2020-08-08 14:57:10,@DeltaMdelta @martinhidalgo Tal vez sea populista...pero eso de reactiva peru..tambien no son miles...son millones de soles a empresas que no lo nesecitan..por eso mismo la gente pide lo mismo
2020-08-08 14:52:47,"@HsilvaoB @esquinabaja No se regal√≥ nada a nadie, Reactiva Per√∫ es una medida para inyectar dinero a la econom√≠a, poco importa en punto de aplicaci√≥n. Habr√≠a que definir el t√©rmino apoyo,   que es apoyo a microempresas?"
2020-08-08 14:52:24,"@EZegarra3 Reactiva Per√∫ son pr√©stamos, el bono no se devuelve.
Partiendo de ah√≠ creo que es dif√≠cil compararlos."
2020-08-08 14:51:31,#NACIONAL||Reactiva Per√∫ caus√≥ perjuicio al Estado. https://t.co/h5lxzLGr3u
2020-08-08 14:51:29,@vozdelatierra @FrenteAmplioPe @congresoperu Espero lleve anuncios nuevos para la ONP y que explique bien el dinero concedido a empresas grandes como a reactiva Per√∫.
2020-08-08 14:43:52,@DanielUrresti1 Se√±or Urresti las grandes empresas ya se favorecieron con Reactiva Per√∫ con recursos del pueblo ahora que puedan las AFP devuelvan el 100% de sus fondos a los que quedaron desempleados por la pandemia es su dinero.
2020-08-08 14:41:23,"Se entregaron millones a empresas de Lourdes Flores, de Horacio C√°nepa y otras investigadas por corrupci√≥n.

https://t.co/eOg63el7Kl"
2020-08-08 14:36:35,"@ToniAlvaL @heduardo50 @MartinVizcarraC Ser√≠a bueno un Reactiva Per√∫ con millones para las microempresas y las peque√±as empresas, el Vizacarra dio much√≠simos millones a estas grandes empresas que tienes muchos millones para funcionar tranquilamente as√≠ la pandemia dure a√±os.... Pero los microempresarios no pueden..."
2020-08-08 14:31:58,@DeltaMdelta @martinhidalgo Bueno es la realidad reactiva peru fue un beneficio para sus amigos de las grandes empresas asi como la suspencion perfecta. Increible como TALENTOS llevan abajo al pais.
2020-08-08 14:24:05,Es clave se agilice la ejecuci√≥n de los programas de financiamiento (FAE Mype y Reactiva Per√∫) y se priorice a las pymes. (3/3)
2020-08-08 13:56:17,"explosi√≥n se debi√≥ a ‚Äúnegligencia‚Äù o a ‚Äúun misil‚Äù ‚Äì Realidad Noticias relevantes del Per√∫ y el Mundo, COVID-19, Reactiva Per√∫, Arranca Per√∫, Cuarentena focalizada y Reconstrucci√≥n con¬†cambios https://t.co/LzdlJif0UI"
2020-08-08 13:45:21,"@vargas_speed Oiga no auspicio a la CONFIEP??? Despu√©s de todo de q. Se quejan , si el mayor monto de reactiva Per√∫, entro a sus arcas de ellos, y si no pagan , pues el Per√∫ entero pagar√° esas deudas con nuestros impuestos... Ojal√° paguen auq yo dudo."
2020-08-08 13:23:30,"@valdivia_daniel @esquinabaja En todo el mundo se us√≥ bien las reservas del erario nacional, en especial en el sector salud, en el Per√∫ se regal√≥ millones con reactiva Per√∫ a la Confiep no se apoya a la micro y peque√±a empresa, reflej√≥ de la cantidad de ambulantes, se reparti√≥ mal los bonos etc.."
2020-08-08 13:23:03,"@JaimeChincha @larepublica_pe Premier Martos , la cuarentena NO funciona si la poblaci√≥n NO tiene dinero , otorgue el Bono Universal y/o Prestamo personal(Reactiva ,Social) , con las mismas facilidades fe Reactiva Per√∫.
S√≥lo asi funcionaria la cuarentena..."
2020-08-08 13:14:55,@elcomercio_peru Es dinero de los peruanos .... reactiva PERU ya les dio millones q m√°s plata quieren @AAFPOficial los q no quieren m√°s Afp q devuelvan nuestro dinero .....
2020-08-08 12:54:40,"@PBODigital @CcantoBuendia: CASA ANDINA. DICEN q No tienen plata, DESPIDEN trabajadores de forma arbitraria, PIDEN 10 MLLNS de REACTIVA Per√∫, xq se DECLARAN en casi QUIEBRA, pero FIRMAN CONTRATOS para CONSTRUIR NUEVOS HOTELES. 
¬øCon qu√© plata? Del Estado? #CORRUPCI√ìN https://t.co/eArlSBFO5v"
2020-08-08 12:44:41,"El gobierno de @MartinVizcarraC tiene una estrategia pol√≠tica para c/el sector privado: ""te miro a la distancia"", ""TE PRESTO -en Reactiva Per√∫- pero me cumples c/obligatorios condicionamientos sociales"", ""te mastico, pero no te paso"", ""no olvido q donaste a Keiko 3M de d√≥lares""."
2020-08-08 12:37:20,Reactiva Per√∫ para las microempresas...las peque√±as y medianas siempre se devoran al micro empresario.... realidad cruda que nadie quiere ver.
2020-08-08 12:34:53,@pcmperu @WalterMartosR Reactiva Per√∫ para las microempresas...las peque√±as y medianas siempre se devoran al micro empresario.... realidad cruda que nadie quiere ver.
2020-08-08 12:29:25,"Que tal ministra de Economia ü•¥ el ministerio de econom√≠a y finanzas aval√≥ el pr√©stamo al MOLINO ROJO, y a varias empresas relacionadas con la prostituci√≥n y el sexo ü§£ü§£ü§£ü§£ Que tal reactiva Per√∫ ü§¶‚Äç‚ôÄÔ∏è y as√≠ la ratifican nuevamente. Estamos jodidos ü§¶‚Äç‚ôÄÔ∏è"
2020-08-08 12:21:16,"@Mjv33Monica @peru21noticias @Defensoria_Peru  @FiscaliaPeru @congresoperu  de una vez act√∫en ,130 congresistas permiten este genocidio del pueblo, que han echo con los $30mil millones del FMI, por ah√≠ lei que le dieron al Grupo Comercio (Gra√±a) s/10millones x Reactiva Per√∫ , a un ladr√≥n x la puta mare."
2020-08-08 12:10:34,"@FernandoZV1 @ErnesBustamante @psecada @WalterMartosR @ItayIngber @congresoperu @Minsa_Peru @AutoridadRCC @IsraelinPeru @MerinoDeLama @pcmperu Animal... mueren 1000 diarios , cuando ch...van a comprar  que han echo con los $30mil millones que prest√≥ el FMI al Per√∫ , o todo se fue a Reactiva Per√∫ para empresarios allegados a Odebrecht.... malditos"
2020-08-08 12:07:33,"@ErnesBustamante @WalterMartosR Mentira hay stock, que han echo con los $30mil millones que prest√≥ el FMI?? Acaso la plata se fue en Reactiva Per√∫ a empresas allegadas a Odebrecht ? @congresoperu , @FiscaliaPeru"
2020-08-08 11:51:41,@RiderBendezu @Maricarmen_Cix @YaniraDavila @larepublica_pe @coutomayra Por cosas as√≠ deber√≠an quitar la ayuda de reactiva Per√∫ a la Rep√∫blica...
2020-08-08 11:47:56,"Solamente decir que es lo hay de cierto con las afirmaciones de que el bono no lleg√≥ a los que mas necesitaban o si se inyect√≥ capital de Reactiva Per√∫ a un grupo priviligiado como las farmacias, etc. Y no se apoy√≥ a las peque√±as empresas."
2020-08-08 11:17:00,"@canalN_ Que lo suspendan un a√±o para que aprenda a respetar a la gente. Al insultar al Presidente nos ha agredido a todo el Per√∫. Sinverg√ºenza, encima se ha aprovechado de su cargo para beneficiarse con los cr√©ditos de Reactiva Per√∫ por S/.444,000.00. Convenido solo para sus intereses."
2020-08-08 06:11:04,"casos superan los 19 millones ‚Äì Realidad Noticias relevantes del Per√∫ y el Mundo, COVID-19, Reactiva Per√∫, Arranca Per√∫, Cuarentena focalizada y Reconstrucci√≥n con¬†cambios https://t.co/QzRSMl7AiL"
2020-08-08 04:38:02,"@GrocioHerrada @canalN_ Nadie es indispensable en la Administraci√≥n P√∫blica, si es tan buena como dicen, lo cual no lo ha demostrado hasta ahora, deber√≠a estar trabajando en el fondo Monetario Internacional o cualquier otra Organizaci√≥n Privada, Reactiva Per√∫ es su Peor carta de presentaci√≥n"
2020-08-08 04:30:18,"@canalN_ Que gesti√≥n?Solo ha beneficiado a la confiep regal√°ndoles millones con el cuento de reactiva Per√∫,el tema de los bonos de 760 solo ha llegado a un 25% de la poblaci√≥n y eso no se puede aplaudir,solo se preocupa por las grandes empresas,su pol√≠tica esta dise√±ada para empobrecernos"
2020-08-08 04:24:55,@JackMeza12 @ToniAlvaL @MartinVizcarraC Contenido Reactiva Per√∫ para ustedes @Ojo_Publico @ElizabSalazar
2020-08-08 04:18:34,"@canalN_ Milico golpista, apoyo el golpe de estado..!!! Ahora quieren proteger los errores econ√≥micos de REACTIVA PERU, la NO reactivacion econ√≥mica y crisis sanitaria d pa√≠s.. Debe instalarse un gobierno de emergencia nacional!!!"
2020-08-08 04:16:00,"@canalN_ Sinverg√ºenza error cambiar, error fue entregar los dineros de REACTIVA PERU A UN GRUPO DE MERCENARIOS DEL MONOPOLIO COMERCIAL Y FINANCIERO, A Tasa de menos del 1% cuando estos le cobran al ciudadano el 130 % en sus tiendas de retail... La pol√≠tica y descontrol es un fracaso."
2020-08-08 03:55:21,"Soluciones Estructurales reciben de Reactiva Per√∫ a pesar que ganaron S/74 millones en pandemia Seg√∫n el informe period√≠stico del portal de investigaci√≥n El Foco, revela que la empresa Soluciones Estructurales SAC ha sido la que m√°s contratos ha .. ‚ÄîIP https://t.co/LYgm7Nw9Pz"
2020-08-08 03:47:17,"@canalN_ Pobre diablo, quiere quedar bien con la Confiep que es la que le ha impuesto la continuidad de la bachiller del MEF, porque con Reactiva Per√∫, los DU 14 y 16, su defensa de las AFPs, etc; garantiza que nada cambie para que todo siga igual"
2020-08-08 03:07:21,@larepublica_pe @tovar_samanez Reactiva per√∫ esta dando sus frutos ...
2020-08-08 03:02:58,@canalN_ Osea  no hay otro profesional licenciado capaz da pena este ministro de pacotilla lo que pasa es quieren tapar  el regalo de Reactiva Per√∫
2020-08-08 02:35:55,@jorropez @MariaCespedesc El dinero saldr√° del tesoro p√∫blico no te preocupes as√≠ como dieron millones de reactiva Per√∫ a las grandes empresas es lo justo que devuelvan el dinero al pueblo que se MUERE
2020-08-08 01:56:02,BBVA facilitar√° cr√©ditos de Reactiva Per√∫ a m√°s de 100 mil bodegueros #Econom√≠a https://t.co/s6a2nAs863
2020-08-08 01:40:32,"üìå CARLOS PARODI: La p√©rdida del empleo de abril a junio 2020 en nuestro pa√≠s, ha sido mayor entre trabajadores informales de bajos ingresos y j√≥venes. Por otro lado, los resultados del programa ‚ÄúReactiva Per√∫‚Äù han sido positivos pero limitados."
2020-08-08 01:33:46,"Gerardo Freiberg Puente, gerente general de @Cofide_Peru, brindar√° ma√±ana a las 6 p. m. una conferencia virtual sobre Reactiva Per√∫ y FAE-Mype.

‚û°Ô∏èCon√©ctate al enlace: https://t.co/otELz56jhj https://t.co/1SDbRTte8y"
2020-08-08 01:30:35,"‚ö†¬°¬°ATENCI√ìN!! Soluciones Estructurales, empresa donde el primo de Salvador Del Solar es Gerente General y les fue muy bien en medio de la pandemia gananado S/74 millones por contratos directos con EsSalud y Minsa se benefici√≥ del programa Reactiva Per√∫ https://t.co/vZw6N62yF0"
2020-08-08 01:08:43,"En este sentido, resulta fundamental que el Estado garantice el adecuado manejo de los programas con Reactiva Per√∫ y  FAE-Mype  a fin de que estos fondos lleguen realmente a las Mypes que lo necesitan, especialmente  las que se encuentran en el interior del pa√≠s. (2/2)"
2020-08-08 00:40:44,"@ensustrece No es un plan, es la soga al cuello que el Propio Vizcarra se pone, insiste en poner al Ministro de econom√≠a REACTIVA PERU, mismo ministro d ellas TABLET Truchas... @ensustrece con Cesar Hilderbrabt es un bueno para nada, pasqu√≠n de odio e Informaci√≥n t√≥xica para el Per√∫."
2020-08-08 00:26:52,@atv_noticias @julianaoxenford Una verg√ºenza atv pens√© q estar√≠an a favor del pueblo y de sus nesecidades pero le han dado la espalda al congreso y al pueblo porque no hablan de las AFP de las ONP y de los Bancos usureros de las Cl√≠nicas buitres del Reactiva Per√∫ q solo bebificio a los m√°s grandes
2020-08-08 00:26:00,"Y el combo reactiva Per√∫ fue indispensable para ganarse a los super ricos de este pa√≠s, el plan mayor incluye q ellos se hagan los giles en el pago y que nuestra ministra de econom√≠a nos advierta que seremos nosotros quien lo pagar√° en caso ellos no lo realicen. https://t.co/QWFFnQmQTc"
2020-08-08 00:11:48,"@joaquinreyh Absurdo es tu comentario, quiero mi dinero del esfuerzo de mi trabajo. Trabaj√© 4 a√±os en la AP. ¬øPor que tendria el Estado quedarse con el esfuerzo de mi trabajo? Pero cuando le dieron dinero de REACTIVA PER√ö a las grandes empresas se te trabo el hocico ¬øSabes? ¬°Vete a la mie..!"
2020-08-08 00:00:52,"#Qu√©NoPasePiola ‚õî:
Durante estos d√≠as, las investigaciones por posibles casos de corrupci√≥n por parte del congresista P√©rez Mimbela, el  un gran cr√©dito de Reactiva Per√∫ ha pasado desapercibido. Hay que estar atentos ante este tipo de actos. #CeroToleranciaALaCorrupci√≥n üö´ https://t.co/kFLoX6S1Gn"
2020-08-07 23:50:52,"@ToniAlvaL @MartinVizcarraC Consulta: Si ya tengo un pr√©stamo atrasado por pandemia, y este banco me ofrece el reactiva Per√∫ pueden descontarse las cuotas atrasadas? Espero alguien me pueda ayudar con esa consulta.. Gracias"
2020-08-07 23:45:59,"@EZegarra3 @Vero_Mendoza_F Reactiva Per√∫ deber√≠a de llegar a los peque√±iiiiiiiitos empresarios caso panader√≠a,mec√°nicos,carpinteros ,alba√±iles,soldadores,etc,porque ellos tambi√©n dan trabajo a m√°s personas,ah,pero eso nunca va a suceder,la plata solo es para los grandazos y embarazos o no."
2020-08-07 23:35:38,"@joaquinreyh M√°s irresponsable es este gobierno incapaz que el peque√±o y microempresario ya quebr√≥, para ellos no hubo reactiva peru, solo para los m√°s grandes, entonces m√≠nimo que tengan la oportunidad de retirar su dinero que mes a mes les fue descontado, es absurdo decir que no hay dinero"
2020-08-07 23:27:52,@evate2009 @Angelpaezs Tenemos una suma de ratas alcalde presidente regional y el gobierno central es el responsable directo el maneja el ministerio de econom√≠a no compran plantas de ox√≠geno respiradores mec√°nicos hospitales debuelven dinero entregan al grupo d√© los miroquezada plata de reactiva peru
2020-08-07 23:24:27,"@ma_me_mi_mo_mu2 @Politica_LR ¬°Las lacras son tambi√©n las que est√°n jodiendo al pais!..y esas tienen ""reactiva Per√∫!..reciben comisiones por el endeudamiento que hoy tiene el Per√∫ con el BM. ¬°Eso como se llama! ¬°Cuanto da√±o hace!..si eso no es terrorismo..todos estamos locos.."
2020-08-07 23:17:26,"Otra Sorpresa de Casa Andina. Dicen que No tienen plata, despiden trabajadores de forma arbitraria, piden 10 millones de Reactiva Per√∫ üáµüá™, porque se declaran en casi quiebra, pero si tienen plata para firmar contratos para CONSTRUIR NUEVOS HOTELES. Me pregunto, con qu√© plata? https://t.co/ssX7eG4NBC"
2020-08-07 22:51:08,"@Politica_LR La Pdta d Confiep sale a ""franelear"" al nvo Premier, le pide trbjar m√°s con el sector privado, con transparencia;transparencia es, haberle sacado la vta al Gbno con el Acuerdo con las Clinicas?, haber monopolizado el dinero d Reactiva Peru?, k tal concha!!"
2020-08-07 22:50:02,"BBVA y Backus se unen para facilitar cr√©ditos de Reactiva Per√∫ y capacitar a m√°s de 100,000 bodegueros del pa√≠s https://t.co/Zp29goltaK a trav√©s de @BBVA"
2020-08-07 22:47:41,@eloymarchan @EsSaludPeru Y reciben el reactiva Per√∫ pese a que a ellos les fue super en la pandemia. https://t.co/gPlUWtRgW3
2020-08-07 22:25:03,#Vizcarra y su gobierno inclusivo https://t.co/KZRqg3oHoz
2020-08-07 22:00:36,"@ahumada_eliana @MTPE_Peru No suspensi√≥n perfecta, licencia con goce de haber, restricci√≥n de reactiva Per√∫ si sacan personal, me pregunt√≥ si autor alguna vez ha manejado una empresa. Alguien se prestar√≠a plata para pagar por algo que por el momento no es necesario? Luego bonos y + bonos, y los ingresos?"
2020-08-07 21:29:00,"MERMELERA ¬øQui√©n era el conejo? VIZCARRA,  m√°s 
  REACTIVA PER√ö para  canal 2 Latina. https://t.co/DnflspgLCn"
2020-08-07 21:03:39,"@Pusycat2017 @SunafilPeru @munisanisidro @Minsa_Peru @MTPE_Peru @canalN_ @RPPNoticias Debiese ser obligatorio para todas las empresas que les han dado el Reactiva,mantengan el teletrabajo de sus trabajadores,pero no. Se les ayuda a ellos pero estas patronales insisten en ir a favor de la pandemia."
2020-08-07 20:59:24,"@rmapalacios Si hablamos de combo regal√≥n, que premio fue de las grandes  empresas corruptas que recibieron de reactiva Per√∫ üòÖ"
2020-08-07 20:57:52,"@Politica_LR Ojal√° Ministra repare el dinero de Reactiva Per√∫, que han recibido,bancos,empresas con dinero, el que le miento la madre al psdte,su Empresa, que devuelvan para las mipes, que si necesitan!! Lo √∫ltimo que el Presidente hable con los bancos USUREROS,puede!!!!"
2020-08-07 20:55:12,"@TuPaisanoJK Comunista ? Si claroooooo.
Con un reactiva Per√∫ pr√°cticamente solo para grandes empresas
Con monopolios rampantes que hacen lo que quieren en el mercado 
Con cl√≠nicas q cobran millones a sus pacientes.
Con bancos que m√°s parecen agiotistas
Todo con el am√©n del presidente."
2020-08-07 20:52:23,@EZegarra3 @pocovicio Reactiva Per√∫ es pr√©stamo y los bonos son subsidios.
2020-08-07 20:43:45,Reactiva Per√∫ tambi√©n ha ayudado a  negocios vinculados al sexo y a la prostituci√≥n https://t.co/hZonDRQfQY
2020-08-07 20:33:13,@CcantoBuendia @ensustrece @SalitaSin Reactiva Per√∫ o el BCP?. Deben tener muy buenas referencias financieras para pasar filtro del banco y Cofide.
2020-08-07 20:18:01,"@ToniAlvaL @MartinVizcarraC Que alegr√≠a sentir√°n sus amigos los banqueros, los millonarios que la manejan a su antojo, continuar√° la fiesta donde la pi√±ata es Reactiva Peru 2 , luego la 3 y as√≠ sucesivamente, todo con tal de darles m√°s y mas dinero, sin embargo sigue hambreando al pueblo, que poca verg√ºenza"
2020-08-07 20:07:53,"Cual ser√°n las medidas del nuevo @pcmperu @WalterMartosR, que concretamente har√° al respecto o seguir√° @ToniAlvaL con carta libre dando recursos Reactiva Per√∫ I y II, Exoneraciones y dem√°s facilidades a la Gran Empresa y al Peruano de a pie que se siga jodiendo. https://t.co/89nADTMG2d"
2020-08-07 19:47:46,@eudomilia0421 @MartinVizcarraC Dif√≠cil de saber. El Per√∫ gana vacando a Vizcarra si el pr√≥ximo presidente realmente le importa el pa√≠s y frena la pandemia y reactiva la econom√≠a.
2020-08-07 19:38:16,"@joaquinreyh Como siempre metiendo miedo, lo mismo dec√≠an con el 25% de las AFPs lo que sobra es plata en el Per√∫ sino preg√∫ntenle a los que recibieron de reactiva Per√∫, o sino hacemos una chanchita de impuestos a la riqueza."
2020-08-07 19:10:10,Adicional a que contrataba con el Estado en plena pandemia tambi√©n recibieron m√°s de 2 millones del Reactiva Per√∫. Tienen contrato hasta noviembre 2020. https://t.co/HDM1lEJ2T9 https://t.co/veogtDX50n
2020-08-07 19:08:26,@angeloluiscarre @MonicaYaya @saldelsol @MartinVizcarraC Y recibieron del Reactiva Per√∫ https://t.co/Nzqv2JhdIU
2020-08-07 19:07:06,@MEMEOPERU Les falt√≥ que recibieron del Reactiva Per√∫ https://t.co/rX5sylc4v1
2020-08-07 18:54:51,"@FrepapBancada Gracias sra. congresista siga en esa linea , los felicito por ser consecuente con sus ideas, eso de que ese dinero no existe es una falacia estupida esgrimida por estupidos trolls. Investigar el programa reactiva peru es dinero de nuestros impuestos."
2020-08-07 18:47:01,@hjjaime @DanielUrresti1 Par de miserables VENDIDOS a las AFP. Que m√°s podemos esperar de estos mermeleros cuyos due√±os de Gra√±a y Montero recibieron 40 millones de soles de REACTIVA PER√ö para comprar su conciencia.
2020-08-07 18:35:33,"Credicorp tuvo p√©rdidas por S/ 620.4 millones en el segundo trimestre, la mayor en su historia.
Su ca√≠da en bolsa desde el inicio de la pandemia es de -27.2%.
Participa en Reactiva Per√∫ con m√°s del 40% de los cr√©ditos.
https://t.co/adzPpIZPj0 https://t.co/rJaroE8PYr"
2020-08-07 18:34:01,"@JaimeChincha @MartinVizcarraC @ToniAlvaL De su padre, de su Hermano, los dichosos bonos dirigidos a ciertas personas, el famoso reactiva Per√∫ dirigido s√≥lo para empresas millonarias, su ministro de educaci√≥n, un mediocre que hizo vos populi la compra de Tablets y en una conferencia de @MartinVizcarraC dijo que el 95%.."
2020-08-07 18:18:26,"Que buena reactivaci√≥n de Reactiva Per√∫ mediante @BCPComunica !

@ensustrece https://t.co/MHHXFZJtt0"
2020-08-07 17:55:23,"@TuPaisanoJK Qu√© hablas ?? Es de derecha, liberal y mercantilista salvaje. Acaso no ves los monopolios? Reactiva Per√∫ para las empresas de las grandes corporaciones ? A quien quieres confundir ? Mejor sigue en Automundo, all√≠ la haces bien..!!"
2020-08-07 17:37:06,"@Eduardo54831259 @ensustrece @pajaroazulperu Porque hildebrandt no saca esas empresas q le deben al pa√≠s en impuestos m√°s de 11 mil millones como minera, nluz del sur y telef√≥nica y otros y q su cso esta est√° ah√≠ por a√±os de a√±os en el tc, y esa plata ahora necesitamos y al contrario se les da mas plata con reactiva peru"
2020-08-07 17:13:12,"@Politica_LR Tiene que ser interpelada la Ministra,  porque se arrodill√≥ a los grandes grupo de poder,  como Uds comprender√°n que se beneficiaron con reactiva Per√∫, la pregunta! Que sufrieron uds como empresa, para ser beneficiarios de un dinero del Pueblo Peruano,solo decirles ojo vigilante"
2020-08-07 17:10:01,"Ser√° para ustedes MERMELEROS con la PROPAGANDA
GOBIERNISTA y los PR√âSTAMOS de REACTIVA PER√ö,
al PA√çS nada. Al pobre m√°s pobre y la clase media se convirti√≥ en pobre. https://t.co/MQMYJGbCTf"
2020-08-07 16:42:20,"@rmapalacios ""Reactiva Per√∫ y el sexo"". ""La muerte hace su agosto"".  :o"
2020-08-07 16:41:44,"@TuPaisanoJK No tiene sentido lo que dices. Si Vizcarra es comunista, ¬øpor qu√© existe Reactiva Per√∫ para apoyar a la empresa privada? ¬øPor qu√© nombr√≥ a un primer ministro pro-minero?"
2020-08-07 16:40:55,@inle137 @ensustrece Vacancia al ladr√≥n de Vizcarrata se tir√≥ $30milmillonea de Reactiva Peru
2020-08-07 16:30:31,"@sigridbazan @sigridbazan d√≠game,  ¬øporqu√© no comentan nada sobre ""reactiva Per√∫"" ?o ¬ø  ser√° verdad que no podr√≠a ser juez y parte de este asunto?..."
2020-08-07 16:03:18,"PERU 95 % empresas son MICRO y PEQUE√ëA EMPRESA grueso DESPIDOS es de este sector  INFORMAL donde estan  profesionales y su personal obvio los dejaron REACTIVA a tiempo NO HUBO el MERCADO deprimido solo tiene espacio para pocos, GRAN y MEDIANA tiene su aporte pero peque√±o https://t.co/0KiDFP21ZS"
2020-08-07 15:47:30,"Nuevo gabinete. Pero, nueva pol√≠tica? Bien respaldar reforma universitaria. ¬øQu√© sobre contagios y muertes? ¬øSigue Reactiva Per√∫ en manos de banca privada? ¬øSigue debilitamiento ambiental y consultas ind√≠genas para facilitar mineria y petr√≥leo? ¬øIgual que con Cateriano?"
2020-08-07 15:46:50,@ToniAlvaL @MartinVizcarraC Trabajar realmente para los intereses del grupo Confiep. Por la poblaci√≥n m√°s necesitada definitivamente no se ha dictado las pol√≠ticas que los beneficien. Como sabemos s√≥lo en Reactiva Per√∫ se favoreci√≥ a las grandes empresas que realmente no lo necesitan por su alto utilidad.
2020-08-07 15:11:35,"@bbva_peru PORQUE NO ME OTORGAN EL BENEFICIO DE REACTIVA PERU...CUMPLO CON TODOS SE√ëORES...SIENDO QUE SOY MYPE......ACASO POR NO DAR UN % A UNOS DE SUS SECTORISTAS NO ME APRUEBAN....TENGO QUE SER CORRUPTO PARA QUE ME EVAL√öEN BIEN....@Cofide_Peru @MEF_Peru , ALG√öN FAMILIAR EN EL PODER????? https://t.co/XnpkJMJmE8"
2020-08-07 15:10:40,"Grupo Danper aumentar√° sus exportaciones en 20% y llegar√° a US$ 215 millones.
Empresas del grupo recibieron S/ 12.6 millones de Reactiva Per√∫.
https://t.co/VKuJPN60JR https://t.co/oEdC4lZREJ"
2020-08-07 15:00:01,Empresas cambian de raz√≥n social para no pagar a trabajadores. https://t.co/BW97cZoWkV https://t.co/ObsY3Ef33z
2020-08-07 14:53:12,"@alioska26 @ocram @Minsa_Peru Vale, entonces la reactiva ion econ√≥mica debe ir de la mano con la salud."
2020-08-07 14:45:37,"@alioska26 @ocram @Minsa_Peru Pues ent√©rate si no se reactiva la econom√≠a no hay dinero para, financiar las asistencias de SALUD.
O ud quiere subvenciones y de donde sacar√≠an el dinero?
Vaciar las arcas del estado?"
2020-08-07 14:13:43,"@ToniAlvaL @heduardo50 @MartinVizcarraC Dale fuerte Tony, no te rindas, sugiero que expliques mejor Reactiva Per√∫ I, reconocer errores, enmendarlos ara mejorar Reactiva Per√∫ II. Fuerza Mujer, estamos contigo."
2020-08-07 14:13:34,Alguien ya ha recibido Reactiva Per√∫ 2 del @BCPComunica? Pregunto porque amigos clientes de Interbank y BBVA ya lo recibieron y una persona me dateo que COFIDE pus√≥ filtros extra al BCP por haber entregado dinero a empresas corruptas.
2020-08-07 13:36:53,"@peru21noticias Per√∫ 21 cuando no dando portadas a sus clientes. Sus due√±os ya recibieron 40 millones de REACTIVA PER√ö, rica mermelada del Gobierno."
2020-08-07 13:06:05,"@ToniAlvaL @MartinVizcarraC Reactiva Peru para las micro que son las que dan trabajo, las grandes empresas ya se cebaron. De nada sirve rascar bien donde no pica Ministra. No pidan tantos requisitos, en todo al final hay un riesgo y en esta situaci√≥n el peor riesgo es paralizarse."
2020-08-07 13:00:14,"@Alvaros2003 @Gestionpe Pucha, me haces volver al primer comentario. Se supone que Reactiva Per√∫ es para salvar a las empresas y no para matarlas. Por eso sigo sosteniendo que va acorde a la liquidez que tiene la empresa. 
¬°Saludos!"
2020-08-07 12:56:38,"O quieren levantar sus negocios y el bendito reactiva Per√∫ se quedo, en mayor parte, en el bolsillo de empresarios ricos. Son tiempos extremos, y la verdad pensar de manera convencional no sirve. La urgencia es ahora y el estado no tiene capacidad de solucionarla."
2020-08-07 12:45:56,@ToniAlvaL @MartinVizcarraC Nunca recibimos Reactiva Per√∫ por ser peque√±os
2020-08-07 12:42:09,"@BerrocalAle @ToniAlvaL Jajajaja ü§£üòÇ
Est√° haciendo todo lo contrario. El programa REACTIVA PER√ö est√° hecho para favorecer a las grandes empresas."
2020-08-07 12:39:50,"Distribuye mejor el pr√©stamo de reactiva Per√∫, le entregas a empresas que generaron ingresos en plena pandemia. se m√°s inteligente, gente com√∫n y corriente mueve la econom√≠a y genera empleo, el Per√∫ no es un peque√±o grupo de privilegiados https://t.co/B7Roj8gU8Z https://t.co/pDyRnTjLss"
2020-08-07 12:30:44,@Gestionpe Despu√©s de la millonada de reactiva Per√∫? Quieren m√°s plata del Estado? Par√° acumular las riqueza en perjuicio del pueblo?
2020-08-07 12:20:43,@ToniAlvaL @MartinVizcarraC Porque a las empresas m√°s grandes les dan pr√©stamos de reactiva Per√∫ con tazas de 1% y a las mypes no?
2020-08-07 12:06:17,@Gestionpe Gesti√≥n y los justificadores del negocio Reactiva Per√∫. Seg√∫n el autor: la empresa grande m√°s dinero; empresa peque√±a menos dinero. Pero deber√≠a ser al rev√©s porque ¬øQui√©n tiene mayor liquidez? ¬øQui√©n tiene mayor capacidad para sostener una crisis?
2020-08-07 11:35:08,"casos confirmados por coronavirus en Per√∫ suman 447,624 ‚Äì Realidad Noticias relevantes del Per√∫ y el Mundo, COVID-19, Reactiva Per√∫, Arranca Per√∫, Cuarentena focalizada y Reconstrucci√≥n con¬†cambios https://t.co/cbYv1wlcvD"
2020-08-07 11:00:00,"""Reactiva Per√∫, ¬øUn acierto o un fracaso?"", lee aqu√≠ el #blog de Te lo cuento f√°cil ‚ñ∫ https://t.co/nwOdVBtMvc https://t.co/iBIIMwrcLt"
2020-08-07 10:20:02,"@Gestionpe Este se pas√≥ de conchudo. Despu√©s de los millones que recibi√≥ de reactiva Per√∫, despu√©s que se aprovech√≥ de la suspensi√≥n perfecta de labores. 
No jodas pues Roque, no seas hambreador, deja tambi√©n para los dem√°s que ni bono han recibido."
2020-08-07 09:31:06,"procesar√°n 200 pruebas moleculares por d√≠a para descarte de covid-19 ‚Äì Realidad Noticias relevantes del Per√∫ y el Mundo, COVID-19, Reactiva Per√∫, Arranca Per√∫, Cuarentena focalizada y Reconstrucci√≥n con¬†cambios https://t.co/rq5MSGA4X4"
2020-08-07 08:59:28,"Y siguen negando informaci√≥n sobre Reactiva Per√∫ y sobre el inter√©s q le cobra el.BCRP a.las AFP de.lps millonarios fujimoristas

Poco se va a saber todo,.mira a Castilla https://t.co/XzjADtrM3D"
2020-08-07 08:32:51,"@ToniAlvaL @MartinVizcarraC Seguimos Esperando Reactiva Per√∫, para las peque√±as empresas...... y sobre FAE_ MYPE, es una falacia las cajas Solo dan a sus clientes... nadie supervisa ello... se desembolso mucho dinero para beneficio de unos pocos...  Seguir trabajando con vocaci√≥n por el pa√≠s...."
2020-08-07 06:41:34,@ToniAlvaL @MartinVizcarraC Un poco menos trabajo para los grandes empresarios y m√°s para esos peque√±os y medianos empresarios cuyos negocios est√°n colapsando porque el dichoso reactiva Per√∫ no llega para ellos.
2020-08-07 05:24:48,"@ToniAlvaL @MartinVizcarraC Si, pero estas haciendo mal tu trabajo, hay empresas MYPES como el mio no pudieron recibir Reactiva Per√∫, y pr√°cticamente estamos quebrando,... Y nuestros trabajadores que...."
2020-08-07 05:23:37,"@lugar20092 @Enrique42134434 @ToniAlvaL @MidisPeru @Minsa_Peru Repites como loro lo que desconoces. Los pr√©stamos de Reactiva son otorgados por los Bancos Privados, Reactiva no es tu dinero es del Banco Central, el mismo que no pertenece al Tesoro P√∫blico. IGNORANTE"
2020-08-07 05:01:50,"@ToniAlvaL @MartinVizcarraC La onp para cuando??? Para las grandes empresas hay plata pero para el pueblo solo desprecio, tengo una micro empresa y no me aprueban el reactiva Per√∫ de que ayuda est√°n hablando???"
2020-08-07 04:34:35,"1) Activos que generan intereses:
Siguen incrementando/manteniendo su crecimiento en colocaci√≥n de produtos tanto en Per√∫ como en Bolivia.

Adem√°s del 40% de participaci√≥n de Reactiva 1 (programa de reactivaci√≥n econ√≥mica del Per√∫).

Sem√°foro: Verde"
2020-08-07 04:19:52,Reactiva Per√∫ who
2020-08-07 04:13:07,"@lugar20092 @Ngarol399 @ToniAlvaL @MidisPeru @Minsa_Peru El gobierno no ha dado pr√©stamos de reactiva, lee un poco para informarte..."
2020-08-07 04:10:09,"@ToniAlvaL @MartinVizcarraC Ministra UD. Es buena regalando dinero a las  grandes empresas  ,ministerios y municipios pero nada para los independientes  informales o los que emiten recibo de honorarios  o aquellos q viven del d√≠a .No se ve el impacto bueno ni de reactiva ni arranca Per√∫ ??tanto dinero??"
2020-08-07 03:56:08,"@ToniAlvaL @MartinVizcarraC ¬øCual confianza? Dile gracias a tu papi que es su gran amigo de Viscarrata y a la vez amigo de los ricos, ojal√° que esta vez expliques porqu√© beneficiaste a las grandes empresas con Reactiva Per√∫ y nunca preocuparte por los m√°s necesitados."
2020-08-07 03:47:11,@ToniAlvaL @MartinVizcarraC Ministra siga trabajando toda la buena vibra! pero tenga cuidado hay errores q subsanar y mejorar los filtros de Reactiva Per√∫ los micro empresarios est√°n pas√°ndola mal mientras algunos vali√©ndose de artima√±as lograron el bono EL PERU LA NECESITA JUSTA.
2020-08-07 03:35:32,"Vizcarra sigui√≥ apoyando sus ministros , lo m√°s raro el ministro de educaci√≥n otorg√≥ licencias para grupo intercorp y la ministra de econom√≠a le entreg√≥ grupo intercorp dinero reactiva per√∫ , entre ellos tapan https://t.co/ot2Mf8jeIl"
2020-08-07 03:31:38,"@ToniAlvaL Ministra Alva , la poblaci√≥n ya se canso de su enga√±o , hace m√°s 4 meses que vienen esperando un verdadero Bono Universal , tambien un PRESTAMO personal al ciudadano que lo requiera , con las mismas facilidades que Reactiva Per√∫ , los topes a los intereses usureros de los bancos."
2020-08-07 03:29:16,Me pasaron est√° publicidad de un cr√©dito reactiva Per√∫ y ten√≠a que hacer mi propia versi√≥n. https://t.co/viMgvbreDr
2020-08-07 03:27:20,@VirgiDArbulu @MariaCespedesc @FREPAP_Peru Conozco a muchas PYMES se beneficiaron con reactiva pero no gastan ni el 50%; porque SE EXIGE QUE EL GASTO SEA FORNAL es decir q declaren proveedor y paguen a los trabajadores en plantilla; ser√≠a justo IMPULSAR LA FORMALIDAD EN VEZ DE PEDIR M√ÅS.
2020-08-07 03:22:14,"@eduardojorge85 @ToniAlvaL @MartinVizcarraC Tony Alva solo hace caso a los grupos de poder, el programa REACTIVA PER√ö solo benefici√≥ a las grandes empresas."
2020-08-07 02:28:43,@ToniAlvaL M√≠nistra de los Ricos. El pueblo quiere reactiva Per√∫ para micro Mypes. ü§Æü§Æü§Æü§Æü§Æ
2020-08-07 02:27:21,@ToniAlvaL @MartinVizcarraC Darle tanto dinero de reactiva Per√∫ a las grandes empresas que est√°n siendo investigadas por lavado de activos y los medios de comunicaci√≥n demostr√≥ de parte de quien estan ustedes los del ejecutivo ü§î
2020-08-07 02:13:01,"@MEF_Peru @ToniAlvaL @MidisPeru Alg√∫n programa de AUSTERIDAD???? Fusi√≥n de Ministerios que act√∫an como elefantes blancos (Exclusion Social, De la Mujer)?? PYMES est√°n quebrando!!! REACTIVA II para cuando??"
2020-08-07 02:00:10,@ToniAlvaL Primero hablar con @Cofide_Peru para que validan los desembolsos m√°s r√°pidamente. Presentamos file el 26 de junio. Ya estamos despidiendo por falta de Reactiva 2.
2020-08-07 01:59:17,"@salvemosmagdale @Alonso_GD No ha dejado nada?.... de donde sali√≥ el dinero para los bonos que se reparte en pandemia, Reactiva Peru, de donde sali√≥ las Reservas Internacionales de $60,000 Millones, de donde sali√≥ el despilfarro de Toledo, Humala Villaran con Odebretch de m√°s de $50,000 millones."
2020-08-07 01:53:43,"@walterfinanzas Arriba la prostituci√≥n,ojal√° el gobierno permita y flexibilice los controles,porque la verdad yo de caj√≥n me prostituyo para poder pagar mis deudas ya que Reactiva Per√∫ nunca me toc√≥, tampoco me toc√≥ ning√∫n bono y encima mi rubro empresarial (espectaculos) est√° parado todo el a√±o"
2020-08-07 00:27:22,"#Minagri #Peru reactiva ganader√≠a, #Argentina inicia nuevas #negociaciones con #FMI, #Mexico sube la confianza #empresarial, #Actividad #econ√≥mica en #Chile cae y #mas informaci√≥n relevante de #comercioexterior en #MinutoComex de #MasContainer
https://t.co/DOoauDSvKO"
2020-08-07 00:25:39,"""La Ministra @ToniAlvaL @MEF_Peru tiene buenas intenciones pero de la ejecuci√≥n del gasto para bonos, subsidios y Reactiva no resurge un pa√≠s cuando lo q debe confesar MEF es si se tiene la ruta clara para la generaci√≥n de m√°s riqueza, no s√≥lo desembolso.""
https://t.co/OxslXGTEsV"
2020-08-07 00:03:12,"@atv_noticias @julianaoxenford Vizcarra se burla de la gente, un ministro de educaci√≥n q no pudo comprar las tablet y el proceso se vino abajo; la ministra de econom√≠a q dio plata para reactiva Per√∫ para empresas grandes y la ministra de la mujer, la popular lava pies. Asco"
2020-08-07 00:03:00,"@atv_noticias @julianaoxenford No estoy de acuerdo, en este gobierno se ha visto mucha corrupci√≥n. Y algunas personas que conforman el nuevo gabinete tienen indicios de corrupci√≥n. La ministra de econom√≠a, No funcion√≥ reactiva Per√∫."
