2020-08-10 08:06:19,"tranquilos la mineria nos salvara! no es asi ? no nomejor aun , la confiep y los especuladores a los q se les dio millones con el plan reactiva peru , ellos nos salvaran"
2020-08-10 07:25:12,"Adios Arranca y Reactiva Peru, pasaremos a Resucita Peru."
2020-08-10 07:14:57,"Muy bien, no es amenaza deben cambiar a la Ministra Reactiva Peru."
2020-08-10 07:07:48,"Muy bien, REACTIVA PERU, Sin filtro error que el pueblo no perdona!!! Al mas se esconde por eso se aferra al cargo... Ojala se destape el proceso de entrega de subsidios a tasas % a las grande industria y que estas han parado"
2020-08-10 07:07:25,El reactiva es solo para los aceitados y corruptos. Es una verguenza y traicion a la patria.
2020-08-10 05:18:29,"Esos medios de comunicacion recibieron su tajada a traves de reactiva Peru, ahora le hacen el favorcito hablando mal de usted por que apoya al pueblo"
2020-08-10 05:04:37,Porfavor fae reactiva Peru a los pequenos empresarios y trabajadores independientes los bancos son unos abusivos estan reprogramando con intereses muy a pesar que aun no se esta trabajando por falta de capital.Pronto devuelvan nuestros aportes de la ONP urgenteeeee
2020-08-10 04:56:59,Y cuanto chucha adeuda el comercio??? Y reactiva peru ahi no dicen chupas pingas
2020-08-10 04:50:48,"Yo creo seria una buena idea, tanto pensando en el hoy y en el futuro. Q el estado te otorgue un prestamo, asi como a dado reactiva Peru, con un ano de gracia, poniendo como garantia tus fondos de las afp, un prestamo con bajos intereses, para salir de esta crisis."
2020-08-10 04:30:48,"Algo sobre el primo de pantaleon o es verdad que reactiva peru,fue tambien para una productora de novelas"
2020-08-10 04:26:56,Que pena por los cines peruanos como cisne star y no han podido recibir el reactiva Peru porque todo es una farsa quizas a cine planet le ayuden pero nunca a la ni mediana empresa
2020-08-10 04:23:39,"Para que voy a poner en mi bio que soy rojete, si con mi opiniones del Reactiva Peru basta."
2020-08-10 04:10:21,"Pilar Mazzetti: ""Tenemos que tomar medidas equilibradas entre el ser humano y la economia, mas arriba el ser humano. Si el virus mata, el hambre tambien. ?Como hacemos? Si el pais no se reactiva, ni siquiera tendremos fondos para salud"""
2020-08-10 03:56:02,Totalitarismo de izquierda que no denuncia que Reactiva Peru tambien reactivo prostibulos
2020-08-10 03:35:50,La Ministra de la KONFIEP debe responder ante el Congreso por el negociado de REACTIVA PERU y el FRACASO de la politica economica en tiempos de pandemia.
2020-08-10 03:30:05,Ya quisiera ver reportajes sobre los negocios millonarios de la familia de la ministra Alva con el estado. Por los salvavidas millonarios con REACTIVA PERU a las elites empresariales. Es facil con un sueldo de ministro decirle a la clase trabajadora que su dinero no existe.
2020-08-10 03:25:38,"Los de dice resistan, como va resistir los peruanos, si ustedes si hay beneficiado con ""Reactiva Peru""."
2020-08-10 03:14:51,"INDIGNANTE! recibio mas de S/13 millones de Reactiva Peru , fusionada ahora con Telepizza estan botando a sus trabajadores a quienes les pagaban mensual. Despreciable abuso, en el documentos hacen entender q el trabajor renuncio x voluntad. FALSO."
2020-08-10 03:02:42,"Srta Ministra estoy adeudado con los bancos, mi empresa no recibio ninguna ayuda del gobierno por favor suplico a su persona que me pueda ayudar con reactiva peru, estoy a punto de perder todo, gracias."
2020-08-10 03:02:19,Uno de sus peores programas... Que paso?...mucho Reactiva Peru?
2020-08-10 02:56:06,"Ya son varios que cobro reactiva y luego despiden a trabajadores o se declaran en quiebra para abrir con otro nombre vea quien se esta quedando con millones y millones de reactiva,es mentira que el % fue a pymes."
2020-08-10 02:52:17,"MIENTRAS ESA PLATA ARDE, LA MAYORIA DEL PUEBLO POBRE Y OLVIDADO ESPERA QUE ALGUN DIA LLEGUE LA AYUDA REACTIVA PERU"
2020-08-10 02:44:26,Los bonos no llegaron a los mas necesitados. Reactiva Peru se quedo en las grandes empresas. Las micro y medianas empresas se quedaron en abandono. Para una buena salud se necesita una buena economia.
2020-08-10 02:33:05,Sera porque son pequenas y microempresas que no tuvieron a Reactiva Peru y que deben seguir pagando a los bancos altos intereses sin ninguna facilidad?
2020-08-10 02:09:05,"Canallas, Reactiva Peru reactivo prostibulos, sadicos dedtructores"
2020-08-10 02:04:53,"En vez de Reactiva, deberia llamarse Mermelada Peru."
2020-08-10 01:57:11,Reactiva Peru reactivo prostibulos
2020-08-10 01:36:45,"La prensa mediatica del Peru, se han beneficiado con decenas de millones del plan ""Reactiva Peru"" y en compensacion, se dedican a darle espacios a los ministros del gobierno, especialmente a la de Salud, tratando de maquillar el estado de calamidad humanitaria que vive el pais."
2020-08-10 01:33:44,Waooo contagiados diarios en el dia de hoy y muertos que esperan para declarar emergencia nacional Comprar camas uci con toda la plata de reactiva peru facilmente se hubiera comprado miles de camas uci
2020-08-10 01:15:21,por favor preguntar porque demoran mucho los Prestamos REACTIVA PERU . COFIDE esta demorando mucho hacer las evaluaciones
2020-08-10 00:46:23,"Programa de Garantias ""Reactiva Peru"" El programa se inicio con S/30 millones en garantias, posteriormente, mediante el Decreto Legislativo se amplio el monto de las garantias en S/30,000 millones adicionales, llegando a S/60 millones, equivalentes al % del PBI."
2020-08-10 00:44:56,"Procurador Enco sobre Reactiva Peru: ""El perjuicio al Estado ha quedado consumado"""
2020-08-10 00:07:31,"NO SE PUEDE, ESE ES EL MOTIVO PERFECTO PARA QUE EMPRESAS QUE RECIBIERON REACTIVA PERU (PARTE DE LOS $30 MIL MILLONES AL % ANUAL Y ANO GRACIA) DIGAN SE FUERON ALA QUIEBRA POR VOLVER A CUARENTENA Y NO PAGARAN Y COMO LO GARANTIZA EL ESTADO NADIE PAGA Y AL FINAL CONDONAN."
2020-08-09 23:55:52,"reactiva ganaderia, inicia nuevas con , sube la confianza , en continua cayendo y informacion de en de ://"
2020-08-09 23:50:00,"Me gustaria muchisimo que la prensa investigara a las empresas que hicieron uso de Reactiva Peru. Grandes sorpresas saldrian a la luz, la criollada , la viveza de algunos que se aprovechan haciendo mal uso de un dinero que bien podria ayudar a muchos"
2020-08-09 23:44:03,Y cuando reactiva peru en las regiones.
2020-08-09 23:35:18,Se les brindaran conocimientos para acceder a creditos de capital de trabajo del programa Reactiva Peru.
2020-08-09 23:25:51,"Eso dice el papel, pero en la Practica las Emp grandes o las Mypes, no utilizaron el credito Reactiva para planillas sin Produccion, teniendo obligaciones Financiera, gastos Fijos como Alquileres, Electricidad, Telefonia e Internet y otrosEstamos en Peruhecha la Ley hecha la T"
2020-08-09 23:21:22,"Hay plata para la corrupcion y empresarios con el reactiva peru , empresarios que no pagan impuestos. La prensa y sus opinologos lobistas les a lavado el cerebro a varios peruanos que se dejan enganar por el mismo discurso. Zombies ."
2020-08-09 23:10:56,"que ya estaban demorando , esa ministra solo le dio dinero a la confiep y a los socios de su padre , la prensa basura coronandola como la mejor ministra porque el plan reactiva peru traslada mucho dinero del estado peruano a medios de prensa , por la plata baila el mono"
2020-08-09 23:06:35,Mi empresa sigue en agonia mientras el banco evalua la solicitud de Reactiva Peru. Ya van tres meses que esperamos... Cual es la logica???
2020-08-09 22:59:46,Asi como Soyuz muchas empresas se declararan en quiebra para no pagar los prestamos de Reactiva Peru y la deuda la asumiran todos los peruanos con los impuestos.
2020-08-09 22:56:52,Amado Enco: Elaboramos lista de empresas con investigaciones preliminares para filtro de Reactiva Peru
2020-08-09 22:39:43,"La UTP, se beneficio con Reactiva Peru, obteniendo millones de soles, pero no ha bajado las pensiones"
2020-08-09 21:44:55,Vizcarra y Martos diran que es culpa de este desgraciado por salir a trabajar. Mejor que no sigan financiando con Reactiva Peru a prostibilos ni al lavado
2020-08-09 21:42:14,Mejor que Vizcarra y Toni Alva no sigan financiando prostibulos y el lavado con Reactiva Peru
2020-08-09 21:40:37,Mejor que Vizcarra y Toni Alva no sigan financiando Reactiva Peru a prostibulos ni al lavado
2020-08-09 21:37:45,La misma confianza que dieron para dar Reactiva Peru a los prostibulos y al lavado y culpar al pueblo que trabaja y visita a sus familiares
2020-08-09 21:36:02,Mejor que Vizcarra y Toni Alva no sigan financiando Reactiva Peru a prostibulos ni al lavado
2020-08-09 21:34:30,Mejor que Vizcarra y Toni Alva no otorguen Reactiva Peru a prostibulos ni al lavado
2020-08-09 21:32:04,se sigue burlando de los peruanos porque reactiva Peru causo perjuicio al Estado. Hubo robo que ha perjudicado al Peru
2020-08-09 20:57:06,"Nadie se ha preucupado de LA CLASE SOCIAL DEPENDIENTE, lo unico que han echo es lo de la AFP que es nuestro propio dinero,nadie nos dio BONO,CANASTA,NI REACTIVA PERU, los bancos BUITRES siguen en lo suyo, algunos siguen en planilla,otros no,rebajo sueldo"
2020-08-09 20:52:41,"Nadie se ha preucupado de LA CLASE SOCIAL DEPENDIENTE, lo unico que han echo es lo de la AFP que es nuestro propio dinero,nadie nos dio BONO,CANASTA,NI REACTIVA PERU, los bancos BUITRES siguen en lo suyo, algunos siguen en planilla,otros no,rebajo sueldo"
2020-08-09 20:49:58,"Nadie se ha preucupado de LA CLASE SOCIAL DEPENDIENTE, lo unico que han echo es lo de la AFP que es nuestro propio dinero,nadie nos dio BONO,CANASTA,NI REACTIVA PERU, los bancos BUITRES siguen en lo suyo, algunos siguen en planilla,otros no,rebajo sueldo"
2020-08-09 20:44:56,"Nadie se ha preucupado de LA CLASE SOCIAL DEPENDIENTES, lo unico que han echo es lo de la AFP que es nuestro propio dinero,nadie nos dio BONO,CANASTA,NI REACTIVA PERU, los bancos BUITRES siguen en lo suyo, han perdido el trabajo o le rebajaron el sueldo."
2020-08-09 20:15:31,"Al menos ayudan, hay mucho sitios q ganan hasta el triple y no han ayudado en nada.Es mas estan pidiendo el famoso reactiva Peru."
2020-08-09 20:13:18,No solo reactiva peru ni el Fae Mype nos salva del descalabro economico..pero que no hay plan de trabajo masivo que se pueda implementar con tanta obra parada ..eso es ineptitud ya los bonos si los recibiste ya se gastaron
2020-08-09 20:02:28,Bien carajo..!! A destapar la olla de grillos. Son una sarta de la lagartijas. Se estan aprovechando del dinero del Estado. Reactiva Peru bajo la lupa de la investigacion..!!
2020-08-09 19:51:11,"De partidas de tenis , de trolls , de "" ministros"", de fiscales , de funcionarios publicos , de alquileres estructuras de hospitales , del swing , de reactiva Peru , de comandos , de ser cientificos sociales , de pub.estatal ,etc !"
2020-08-09 19:47:06,La propuesta manifestada por el gobierno tenga presente que hay empresas que no han calificado al REACTIVA PERU entonces este beneficio es una ayuda casi de supervivencia pero SUNAT disculpeme en verdad le llega altamente la devolucion /5
2020-08-09 19:24:17,Vuelvo a REITERAR para cuando comienzan las devoluciones del IR no es posible las empresas no califican al REACTIVA PERU y tienen la devolucion de IR pero SUNAT no lo soluciona y deja que las empresas cierren por falta de liquidez AYUDEN RAPIDO.
2020-08-09 19:21:00,"Cuanto dineros del Estado recibio ""La Republica"" a traves del plan Reactiva Peru????"
2020-08-09 19:20:46,"La vida de las personas siempre sera prinero, pero lamentablemente el Gobierno no extendio ayuda a todos y todas, por el contrario beneficio a las grandes empresas con el banquete de Reactiva Peru, mientras tanto el pueblo que se gana el dia tiene que salir a morir para no morir."
2020-08-09 19:02:28,"No te di la razon, fue sarcasmo, pues al parecer no entiendes lo que es Reactiva Peru"
2020-08-09 18:23:32,Me parece muy bien yo no tengo como solventar mi prestamo ya q como empresario. Q los bancos pongan su granito de ayuda y q bajen la tasa de interes de pagos y reacondicionar la deuda debido a esta crisis de esta pandemia. Ya q el Reactiva Peru solo esta para los grandes.
2020-08-09 18:08:11,"Este tema , le explota en la cara al Ejecutivo. Los aportantes y ex aportantes de la ONP, NO son escuchados , NO hay Bono Universal , NO hay Prestamos personales con facilidades tipo Reactiva Peru , NO hay topes a los intereses usureros de los bancos , esto genera indignacion..."
2020-08-09 18:06:04,"El peor enemigo del peruano es el reactiva Peru q no llega a las tiendas de pequenas empresas nos dejan morir financieramente. Presente mi solicitud al BCP hace dos mes y nada, el poco dinero ya lo derive a la alimentacion y pagos de servicios , y el COFIDE ?"
2020-08-09 18:02:08,Y mientras tanto comenzamos a perder a nuestros clientes porq el poco dinero q uno tiene lo dirige a la alimentacion y servicios de agua electricidad e internet .. q pasa con ese COFIDE q el reactiva Peru no llega a los pequenos empresarios de tiendas
2020-08-09 17:48:02,"eh presentado mi solicitud al reactiva Peru a traves del BCP y ya van dos meses q no tengo contestacion . Estoy en el RUS , pago a la Sunat, tengo mis licencias, mi nombre es Joel Santos Briones cruz . A ver si me ayudan agilizar mi solicitud"
2020-08-09 17:46:01,Reactiva Peru causo perjuicio al Estado
2020-08-09 17:44:17,"seria muy apropiado que los creditos reactiva Peru se revisen,no podremos llegar a junio proximo con actividades normales y este credito terminara ahogandonos.A lo menos alargar dos anos mas , decir dejar en meses el plazo final ,aparte del ano de gracia, saludos"
2020-08-09 17:43:02,"Soy empresario y estoy en el RUS presente mi solicitud al programa reactiva Peru hace dos meses y hasta ahora nada. Pago a la Sunat ,tengo mis licencias de funcionamiento, soy Joel Santos Briones cruz ... Por favor necesito la aprobacion del cofide q a traves del BCP ."
2020-08-09 17:29:43,"Para las empresas Reactiva Peru, da rapido y millones, para el pueblo limosnas y peripecias para cobrar, el Peru es de todos y sus riquezas es de todos los peruanos, colera me da que misios defiendan a la Konfiep"
2020-08-09 17:25:31,ya te pronunciaste o tambien callaras como con los despidos a pesar que La Republica recibio plata de reactiva Peru?
2020-08-09 17:17:30,La empresa de los primos de Pantaleon tambien sacaron su reactiva Peru pese a que le llovieron contratos durante la pandemia
2020-08-09 17:14:44,"El gobierno de ha desfalcado la plata de los peruanos ascendente a mil millones de soles bajo el pretexto del programa ""REACTIVA PERU""."
2020-08-09 17:02:05,"Reactiva Peru si dio dinero a prostibulos (que ademas lavan) y quieren volver a cuarentena y confinamiento en domingos. Claro, la culpa ""solo es de la gente pobre e ignorante"" nunca de gobiernos, politicos ni medicos dirigentes del CMP"""
2020-08-09 16:59:47,"Asi es! Pero las empresas que se salvan con Reactiva PERU o los bonos es a gente que NO decidio exista pandemia. La gente que se quedo en ONP decidio. Creo bono y reactiva a quienes formales, yo se cuanto pague impuestos y cuanto me cuesta."
2020-08-09 16:44:53,"Reactiva Peru si dio dinero a prostibulos y quieren volver a cuarentena y confinamiento en domingos. Hay MILLONES empleos perdidos y culpa ""solo es de la gente comun"" y nunca de gobiernos, politicos ni medicos dirigentes del CMP"""
2020-08-09 16:42:07,"Es hora que el estado recupere dinero del pueblo entregado en Reactiva Peru, primero que se quite la garantia, luego cobrar a los bancos o a la empresa y si no quiere hacerle que se le embargue sus activos y bienes o las propiedades de los mafiosos que son representantes legales."
2020-08-09 16:36:45,"Con mis impuestos tambien se estan pagando bonos, se esta realizando reactiva Peru, subsidiando el metropolitano. Yo tengo que pagar porque mas del % del Peru es informal? Vamos un poco de empatia con todos. Se puede hacer algo."
2020-08-09 16:25:01,"Por supuesto, todavia no aclara la relacion que hay con empresas de su padre. Pero sobretodo Reactiva Peru se ha hecho para la empresa pero no para la poblacion que se encuentra sin trabajo y dinero."
2020-08-09 16:19:53,"PAga a los pensionistas de la ONP, !corrupta!. Para Odebrecht y GYM ahi si la plata si existe, y ni hablar para el reactiva Peru para las grandes empresas cabeceras."
2020-08-09 16:08:15,Toneladas de dinero de reactiva peru y la confiep da respiradores...jajajajajajajajajajaj solidarios los empresarios peruanos...
2020-08-09 16:02:45,"Reactiva Peru si dio dinero a prostibulos y encima quieren volver a cuarentenas y confinamiento en domingos. Ya hay MILLONES de empleo perdidos y la culpa ""solo es de la gente comun"" y nunca de gobiernos, politicos ni medicos dirigentes del CMP"", bah"
2020-08-09 15:56:52,"Claro como recibieron Reactiva Peru, siempre apuniran a favor no"
2020-08-09 15:54:51,"Reactiva Peru si dio dinero a prostibulos y encima quieren volver a cuarentenas y confinamiento en domingos. Ya hay MILLONES de empleo perdidos y la culpa ""solo es de la gente comun"" y nunca de gobiernos, politicos ni medicos dirigentes del CMP"""
2020-08-09 15:54:37,"Reactiva Peru si dio dinero a prostibulos y encima quieren volver a cuarentenas y confinamiento en domingos. Ya hay MILLONES de empleo perdidos y la culpa ""solo es de la gente comun"" y nunca de gobiernos, politicos ni medicos dirigentes del CMP"""
2020-08-09 15:54:21,"Reactiva Peru si dio dinero a prostibulos y encima quieren volver a cuarentenas y confinamiento en domingos. Ya hay MILLONES de empleo perdidos y la culpa ""solo es de la gente comun"" y nunca de gobiernos, politicos ni medicos dirigentes del CMP"""
2020-08-09 15:47:49,No vez que ella misma reparte el dinero de Reactiva peru ! Alli hay corrupcion pero de los mismos bancos que deciden a quien dan el dinero y a quien no.
2020-08-09 15:42:36,"recuerde no a las personas endeudadas con los bancos, muy bien el reactiva Peru pero necesitamos un reactiva peruano de a pie."
2020-08-09 15:31:58,"Ya era hora , esa ministra a dado $$$ de Reactiva Peru a sus guaripolera del grupo el Comercio y Grupo la Republica millones c/u , a empresas ligadas a Odebrecht , para casas de citas( ver ) y loa mismos bancos han prestado a familiares y sus mismas empresas."
2020-08-09 15:30:26,Encima algunas grandes estan ahi alargando sus pagos hacen lo q sea deben mas de millones y no quieren pagar asi con pana y encima recibieron reactiva Peru [?][?][?]
2020-08-09 15:22:09,"Que burla, se compro a los bancos, grandes empresas de Confiep y periodismo con Reactiva Peru, a los militares, gabinete corrupto con compras sobrevalorados con millonarios presupuestos en Covid nunca visto, y a todos los tiene en el bolsillo, y asi dicen eso"
2020-08-09 15:05:48,"Tambien son su partido Swing , los primos de Salvador, los tenistas,los que recibieron millones de Reactiva Peru etc"
2020-08-09 15:02:22,"No todos , el estado vive de lo que dejan, como esperas que den creditos a Reactiva Peru a informales, si no dan boleta?, Si no tienen registro de ventas?"
2020-08-09 14:52:51,El reactiva peru fase para el que aun no aprueba para cuando
2020-08-09 14:50:42,"En el siguiente link, se ve las empresas beneficiadas por Reactiva, se piensa que ha sido creada para las grandes emp.Veeamos, son mil beneficiadas, en el Peru en total existen alrededor de mil grandes emp.Mas de mil beneficiadas son Mipymes."
2020-08-09 14:29:30,"Reactiva Peru si dio dinero a prostibulos y encima quieren volver a cuarentenas y confinamiento en domingos. Ya hay MILLONES de empleo perdidos y la culpa ""solo es de la gente comun"" y nunca de gobiernos, politicos ni medicos dirigentes del CMP"", bah"
2020-08-09 14:28:15,"Reactiva Peru si dio dinero a prostibulos y encima quieren volver a cuarentenas y confinamiento en domingos. Ya hay MILLONES de empleo perdidos y la culpa ""solo es de la gente comun"" y nunca de gobiernos, politicos ni medicos dirigentes del CMP"", bah"
2020-08-09 14:27:57,"Reactiva Peru si dio dinero a prostibulos y encima quieren volver a cuarentenas y confinamiento en domingos. Ya hay MILLONES de empleo perdidos y la culpa ""solo es de la gente comun"" y nunca de gobiernos, politicos ni medicos dirigentes del CMP"", bah"
2020-08-09 14:27:41,"Reactiva Peru si dio dinero a prostibulos y encima quieren volver a cuarentenas y confinamiento en domingos. Ya hay MILLONES de empleo perdidos y la culpa ""solo es de la gente comun"" y nunca de gobiernos, politicos ni medicos dirigentes del CMP"", bah"
2020-08-09 14:20:24,"Mibanco: ""El % de nuestros clientes ha accedido a alguna formula de soporte frente a la crisis"" Contenido solo para suscriptores de El Comercio. Suscribete aqui para mas entrevistas >"
2020-08-09 14:18:26,"Porque desacreditan el dioxido de cloro...todo parece indicar estan en las filas del nuevo orden incluido el gobierno actual con VIZCARRA. Ya que ustedes latina tv recibio dinero del estado mediante reactiva Peru por millones de soles...para seguir difundiendo miedo, temor.."
2020-08-09 13:47:48,"Ceses laborales en cadena de comida rapida, minera y universidad del grupo Hochschild via"
2020-08-09 13:44:53,"deuna vez que caigan esos mafiosos el plan reactiva peru es un traslado de dinero enorme directamente de las arcas del estado a la confiep y a los especuladores , esto es una verguenza considerando lo que esta pasando el pais y q mas del % de trabajadores son informales"
2020-08-09 13:41:59,"Procurador Enco sobre Reactiva Peru: ""El perjuicio al Estado ha quedado consumado"""
2020-08-09 13:37:26,"Y encima recibio dinero de Reactiva Peru ? Mas Sinverguenza que la grandisima , por eso nuestro Pais sigue Jodido..!!"
2020-08-09 13:35:12,"Hay personas que creen que Reactiva Peru, es una especie de Bono para ser entregado a todas las Mypes sin excepcion alguna y en algunos caso extremos, creen que no se les entrego ese Bono, por preferir entregar los Bonos a otras Emp que no se lo merecen ..."
2020-08-09 13:35:00,"Costa del Sol: ""Los viajeros deben percibir seguridad al viajar, no solo con los hoteles sino en las ciudades"" Contenido solo para suscriptores de El Comercio. Suscribete aqui para leer mas entrevistas >"
2020-08-09 13:29:50,"Pero eso evalua el banco...en este caso es el BCP...el gobierno no da directamente el dinero, esas empresas son clientes del BCP, ellos te llaman, te escriben avisandote que eres beneficiario de reactiva Peru por ser cliente de su banco"
2020-08-09 13:24:08,"Esto ocurre con muchisimas medianas y micro, empresas ....esta explicacion debe dar en el congreso la ministra , sabiendo que en nuestro pais la economia se reactiva desde abajo, .. quienes recibieron apoyo de Reactiva PERU... son los grandes grupos de comunicacion..."
2020-08-09 13:09:51,"Y conociendo a su comadre del MP, la cual nunca ve nada, hara que se no se le abra investigacion por el famoso Reactiva Peru."
2020-08-09 12:57:11,"Jose ninahuaman, te hago la pregunta, Martin Vizcarra, Maria Antonieta Alva, Julio Velarde, de donde sacaron dinero para financiar a los grandes grupos economicos a traves de reactiva Peru?"
2020-08-09 12:21:59,"Muy facil, cuando tienes tus aportes en la AFP y tildar de populistas a quienes proponen el retiro justo porq hoy..hoy no hay dinero en el bolsillo..claro como tu no jalas la carreta!!....se q entenderian.. pero hay q derrochan dinero publico, hasta OD esta en reactiva Peru."
2020-08-09 12:17:56,"Y los $30mil millones que se tiro en Reactiva Peru solo para grandazos y amigotes de los banqueros al % anual y ano de gracia ,mientras las micro y pequenas nada y siguen pagando %al ano"
2020-08-09 11:49:34,Reactiva peru a entregado millones a empresas pendejas que no nesecitan y al pueblo que se muere hambre...nada...son meses que no trabajan...si no es el % al menos la mitad...para sobrevivir...estamos jodidos...los bonos no llegaron a todos
2020-08-09 10:56:04,"Cada dia esta mas claro que el MEF es una institucion al servicio de los Grandes Grupos Economicos.Esto se demuestra claramente en el famoso ""Reactiva Peru""...?Y las MYPES?,?Y los bonos para la gente que perdio empleo y no tiene ni para comer?...Absolutamente NADA q celebrar!!!"
2020-08-09 08:01:30,Por si lo dudaban. La mejor Ministra de los ultimos anos. Solo ella sabe como se manejan las cosas en el MEF. No por nada fue RATIficada.
2020-08-09 07:25:07,Reactiva Peru causo perjuicio al Estado
2020-08-09 06:59:12,"esta es la programacion del al de agosto - Realidad Noticias relevantes del Peru y el Mundo, COVID-19, Reactiva Peru, Arranca Peru, Cuarentena focalizada y Reconstruccion con cambios"
2020-08-09 06:31:16,Estimada Antoniata Alva Yo soy empresaria hace mas de anos pero estoy sorprendida que no puedo tener un credito con el Programa Reactiva Peru .Tengo mis cuentas corrientes con el banco BCP.Soy Mype .Y me recomiendan que busque otro banco .Estoy muy preucupada
2020-08-09 06:06:20,"Exigir al Premier q el MEF no ponga trabas avdevolucion para Onp y de ex aportantes AFP. Este dinero ayudara DIRECTAMENTE a reactivar la economia familiar d millones d personas. Los Bonos y REACTIVA PERU fracasaron, q el Ejecutivo entienda eso, asi la gente no saldra a las calles"
2020-08-09 05:21:41,Oye ministra con bachiyer y tu titulo eres una estafa como tu reactiva Peru
2020-08-09 05:01:08,Estas de acuerdo que hable de REACTIVA PERU y nos diga cuanta plata le dieron a su canal
2020-08-09 05:00:27,Tremendo negociado q ha beneficiado a las grandes empresas deudoras a la SUNAT con millones de soles q ni los van a pagar x estar garantizados al %... Mientras los MYPES estamos a punto de quebrar xq no libera el dinero a las financieras
2020-08-09 04:42:41,"El reactiva Peru es para todos las empresas formales, no importa el rubro me imagino que tienen un buen historial crediticio eso avalo el prestamo. Quien lo otorga es el BCP no vizcarra"
2020-08-09 04:29:54,"osea esos negocios siempre han existido antes del reactiva peru y ahora por recibir el prestamo recien empiezan a condenarlos?, el unico requisito que se puso fue que los negocios que obtuvieran el prestamo tributen, hay mucha doble moral"
2020-08-09 04:26:06,Gracias a este reactiva peru se convirtio en un burdel.
2020-08-09 04:21:36,y la porqueria de reactiva peru que es? darle dinero a la confiep te parece profesional? si quiera la gente puede acceder a su dinero y no depender de los bonos basura del mafioso de vizcarra q solo llegan a sus amigos
2020-08-09 04:17:47,"ati te seguiran tambien las ,mil almas de esta pandemia por que no tienes sentimientos ni sufrimientos de la gente q se sigue muriendo..por decir la verdad escudas a un mentirosa por el simple hecho q REACTIVA PERU los mantienen..con plata de los Peruanos."
2020-08-09 04:02:17,"El peor dano que estan haciendo a los trabajadores en suspension es que mientras la suspension esta en tramite no pueden acceder al bono de Essalud, mientras tanto tienen que sobrevivir como puedan, los empresarios han pedido a reactiva peru ayuda para su beneficio propio."
2020-08-09 04:02:12,Los bancos les han asegurado via Reactiva Peru el futuro a muchas empresas corruptas y les han denegado acceso a miles de empresas sin ningun cuestionamiento poniendolas en una critica situacion.
2020-08-09 03:56:19,Reactiva Peru causo perjuicio al Estado
2020-08-09 03:49:13,"Ministra, con todo respeto se ha preguntado en que Pais Vive? Bajese de esa nube, su labor hasta ahora es ineficiente al igual que el programa reactiva Peru. Si realmente quiere reconocimiento, comience ahora, ganeselo al lado del pueblo X EL PUEBLO!!!!"
2020-08-09 03:24:18,"Ministra Alva , el Peru no saldra adelante si usted le da la espalda a la poblacion. Brinde un verdadero Bono Universal a toda la poblacion que tiene dni y/o un prestamo personal , con las misms facilidades de Reactiva Peru a la ciudadania , en Chile ya lo ejecutan..."
2020-08-09 03:03:39,"Estimada, Antonietalicito haga una correccion/adenda en los lineamientos para acceder a Reactiva Peru. Puntualmente, en el requisito Central de Riesgo- Normal- a Febrero . Muchas Pymes tienen inconvenientes absurdos. Pues la medida en este requisito es Rigida."
2020-08-09 02:57:16,Solo le pido que se continue con los prestamos de reactiva Peru Para los pequenos microempresarios. Se que no es facil esta tarea . Confio en usted
2020-08-09 02:56:32,Dile eso a toda la gente que murio porque n tuvieron que salir a buscar dinero.. por las empresas a la que les diste el reactiva los despidio y los dejo en la calle
2020-08-09 02:51:24,"""Estamos cerca de cumplir el sueno de tener un transporte digno"" - Realidad Noticias relevantes del Peru y el Mundo, COVID-19, Reactiva Peru, Arranca Peru, Cuarentena focalizada y Reconstruccion con cambios"
2020-08-09 02:46:31,"Si seguro mientras q miles de micro, pequenos y medianos empresarios no fueron beneficiarios con el programa reactiva Peru, la productora del reality ESTO ES GUERRA Y EN BOCA DE TODOS recibio mas de millones de reactiva Peru eso como ejemplo."
2020-08-09 02:44:29,Reactiva Peru causo perjuicio al Estado
2020-08-09 02:22:50,Esta en cola para cobrar su reactiva Peru
2020-08-09 01:55:42,"Mientras los bonos no llegaron a los mas humildes el programa ""Reactiva Peru"" termino siendo una repartija, ni en tiempos de Pandemia dejaron las malas manas."
2020-08-09 01:48:56,Se supone que el instructivo de la OMS para los resultados es solo a traves de pruebas de proteina C reactiva (PCR). No se porque algunos paises contabilizan las pruebas rapidas.
2020-08-09 01:40:38,"Me acaba de decir que el gobierno deberia entregar todo el fondo de Reactiva Peru de mil millones de soles a cada trabajador del Peru, yo no se como la gente puede pensar estas cosas."
2020-08-09 01:32:46,"No vengan con moralinas, esos negocios generan mas puestos de trabajo y mantienen mas familias que su panfleto. A donde no debe ir el dinero de Reactiva es a empresas investigadas por corrupcion."
2020-08-09 01:28:43,"Leo que ""Reactiva Peru"" le dio plata a varios burdeles y casas de putas. Una veguenza!"
2020-08-09 01:00:00,"Quien te va a llorar ? Seguro que ni te importa que Reactiva Peru BCP preste nuestro dinero a prostibulos , a empresas que lavan dinero , a las farmacias de Intercorp ."
2020-08-09 00:47:06,"QUE EMOCION!!! SE SOPLAN MIL MILLONES GRACIAS A LA DELINCUENTE DE Y CON LA MISMA PLATA ""DONAN"" RESPIRADORES Y CREEN QUE TODO EL PERU LOS TIENE QUE APLAUDIR?? PORQUE NO DONARON NI UN FOSFORO ANTES QUE LES DEN LA PLATA DE REACTIVA ??? MISERABLES!!"
2020-08-09 00:43:59,"Reactiva Peru otorga prestamos a empresas a bajo interes para q no quiebren y no despidan trabajadores, no esta regalando plata. Si eres decente no difundias mentiras. No pueden prestar a nightclubs porque estan prohibidos de funcionar y no cumplen requisitos para acceder."
2020-08-09 00:43:08,Reactiva Peru ayuda a negocios vinculados al sexo y a la prostitucion
2020-08-09 00:29:46,"Senorita ministra mi esposa y yo tenemos una micro empresa, somos formales. Mi ruc es el , me he presentado a todos los bancos de reactiva Peru y ninguno me ha brindado un prestamo. Llevamos meses sin trabajo. Ojala le llegue este mensaje a usted. (1)"
2020-08-08 23:47:34,Reactiva peru a dado millones a empresas que NO nesecitan....es logico que la gente reclame su plata...hay millones de desempleados ...
2020-08-08 23:45:10,"Porque repites lo que leistes en un meme. No es un regalo, es un ptmo. Reactiva Peru tb esta llegando a los pequens y medianos empresarios obvio que tengan un buen historial crediticio y no sean los morosos de siempre, q sean formales tengan RUC, paguen impuestos asi sean minimos"
2020-08-08 23:34:17,"Con lo que les dio el estado con reactiva peru, ?no hubiera salido mas barato que el mismo estado consiga los ventiladores por su cuenta?"
2020-08-08 23:27:43,"Una verguenza con reactiva Peru, hay muchos microempresarios q no hemos recibido ni un sol del Gobierno, pero para cobrarnos los impuestos ahi si son los primeros, miserables"
2020-08-08 23:17:21,Reactiva la leche ahhhhh
2020-08-08 23:12:06,Con tantos periodistas despedidos o en suspencion perfecta. Los que quedan tienen que hacer el trabajo de cinco y que les queda? Copiar y pegar de los memes de las redes sociales sin ninguna investigacion para los duenos de los medios que ya cobraron su reactiva Peru.
2020-08-08 22:58:01,"Esa es la tragedia que sufre la poblacion en todo el Pais, por eso es que es indignante, como miercoles la Ministra y el BCR lo primero que hicieron fue poner a disposicion de las grandes corporaciones millones con Reactiva Peru,y sin embargo los hospitales colapsados !!"
2020-08-08 22:50:56,Tu preocupate de las empresas que no van devolver los prestamos de reactiva Peru mas no de mi AFP
2020-08-08 22:28:25,"ESA COMPRAS ES CON FONDOS PUBLICOS, LA PLATA DEL PUEBLO. , NO NOS ENGANEN,YA BASTANTE EL ESTADO LES APOYA,ADEMAS ES PLATA DEL PUEBLO, MIL MILLONES DE SOLES RECIBIERON CON REACTIVA PERU Y PARA OBRAS. USTEDES SON LOS BENEFICIADOS.,USTEDES NADA DAN DE SU BOLSILLO"
2020-08-08 22:16:25,"Como se premia a los politicos que no hablan mal del genocida, reactiva Peru para ellos, y para los que se atreven a revelar la cantidad de contagiados, muertos y corrupcion por parte de la banda de choclito nada, que boten a sus trabajadores, que quiebren no es problema de ellos"
2020-08-08 21:58:59,Lo que nos faltaba. No hay control sobre Reactiva Peru.
2020-08-08 21:55:40,Lo que dejan de cobrar por el Reactiva Peru se lo sacan a los clientes . El Banco nunca pierde.
2020-08-08 20:59:18,"Si los Grupos de Poder , cogieron la mayor parte de la torta de Reactiva Peru y MILLONES de soles , para impulsar su economia por la pandemia , con mucha mayor razon , le debes brindar Bono Universal y /o prestamo personal ,con las mismas facilidades a la poblacion"
2020-08-08 20:57:40,Vizcarra presta dinero de reactiva peru a muchos prostibulos de lima y provincias en esto gasta dinero de peruanos
2020-08-08 20:42:15,Reactiva amigos del Gobierno
2020-08-08 20:16:16,lo de reactiva Peru les da a escribir esto?
2020-08-08 20:01:27,"En al parecer no leen Normas Legales ...los prestamos d Reactiva Peru los evaluan y deciden a quien prestan son Bancos, estos cobraran con intereses los prestamos. Bonos entrega complicada NO todos tienen cuenta Bancos."
2020-08-08 19:47:38,"El procurador anticorrupcion Amado Enco aseguro que ""el perjuicio al Estado ha quedado consumado"" sobre los prestamos de Reactiva Peru que fueron otorgados a empresas vinculadas a casos de corrupcion ."
2020-08-08 19:09:14,"Acabo de entender que para aplicar a Reactiva Peru los empresarios deberian tener un nigh club o prostibulo, solo asi podrias aplicar rapido y de mejor manera a este beneficio que se supone es para "" todos "", los emprendedores. Gracias ministra"
2020-08-08 18:39:47,Me da pena que vaya a la carcel por la mala gestion de REACTIVA PERU. Luego recuerdo que la Gerenta General de la fue una de las que le dio su beca a Harvard y se me pasa.Ojala tu y tu amigos terminen pagando sus crimenes por enriquecerse en plena pandemia.
2020-08-08 18:16:24,"No mas CORRUPCION, la ministra de economia es una persona que no le importa el destino de los peruanos, reactiva Peru solo para los amigos empresarios millonarios, tablet Viene con CORRUPCION, basta VACANCIA ya."
2020-08-08 18:09:38,"REACTIVA PERU del homosexual .Un acierto SUPER EXTRAORDINARIO para las grandes empresas, los bancos, para la prensa y TV basura y para las mineras., , , , ."
2020-08-08 18:06:12,"Basta de seguir manteniendo CORRUPTOS TRAIDORES sinverguensas, dentro de los ministerios de educacion y economia, basta de seguir perjudicando a los peruanos, falzas promesas de reactiva Peru,solo para millonarios, tablets viene con CORRUPCION."
2020-08-08 18:05:57,. Amado Enco. Los errores normativos de Reactiva Peru se hubiesen evitado si el hubiera convocado a las entidades del sistema anticorrupcion y antilavado de activos: Ministerio Publico y la Procuraduria Anticorrupcion.
2020-08-08 18:02:52,Como dijo Mufasa en el Rey Leon :Es para MORIRSE de risa
2020-08-08 18:01:09,". Procurador anticorrupcion, Amado Enco ""El perjuicio al Estado ha quedado consumado"".Los creditos que el gobierno de avalo para empresas cuyos accionistas delinquieron o causaron perdidas economicas."
2020-08-08 18:00:11,"Por eso VIZCARRA les paga bien, les da BONOS, REACTIVA PERU y un monton de beneficios."
2020-08-08 17:58:06,por los prestamos a los que menos tienen !!!
2020-08-08 17:52:16,"BUENA INTENCION PERO DESTRUIRIA LAS INSTITUCIONES PREVISIONALES.* PROPUESTA ALTERNA :1. QUE EL ESTADO DE CREDITOS ""BLANDOS"" (1% INTERES A PAGAR AL FINAL DE LA PANDEMIA) DE ""REACTIVA PERU""; AL APORTANTE Y A QUIEN SE MATRICULE EN EL SISTEMA, FORMALIZANDOSE; QUE LO REQUIERA....///"
2020-08-08 17:47:25,"PERUANOS DEBERAN DE PAGAR LOS PRESTAMOS QUE NO PUEDAN PAGAR LAS GRANDES EMPRESAS Luperdi, Ministra de Economia aseguro que las grandes empresas q no puedan pagar los prestamos de lo tendran q asumir todos los peruanos"
2020-08-08 17:37:37,"Entonces reactiva en dias la planta de oxigeno de la Oroya que puede producir toneladas de oxigeno diariamente, mas de lo que demanda todo el Peru. Te lo ofrecieron hace meses y no lo hacen por que no hay coima para la mafia regente. Estado indolente y delincuente"
2020-08-08 17:34:28,: REACTIVA Peru causo PERJUICIO al Estado.Se entregaron MLLNS del tesoro publico a EMPRESAS PRIVADAS INVESTIGADAS por CORRUPCION. La ministra ALVA no convoco a las entidades del sistema anticorrupcion y antilavado de activos. ??
2020-08-08 17:29:18,... Peru MEF Decretos:1 Bonos Susp Perfecta y Reactiva2 No accede a Reactiva si declaro Susp perfecta3 Empleador no inscribe Susp perfecta para acceder a reactiva4 Reactiva no llega5 Trabajador sin remuneracion ni bono6 SEIS MESES VAN
2020-08-08 17:21:59,Seguimos creando mas para mas peruanos via
2020-08-08 17:18:38,Reactiva Peru no usa fondos del Estado senor Procurador.
2020-08-08 17:12:32,"Y mi empresa sigue esperando respuesta a la solicitud para el reactiva entidades ""0"" respuestas.. no he sacado a ni operario porque se que no tienen otro sustento , cumplo con los requisitos que piden, no se que evaluan para otorgarlo"
2020-08-08 17:08:37,"| Asociacion de artesanos y artesanas pide apoyo para enfrentar la crisis""el % son mujeres y muchas de ellas no han recibido ni un bono, ni siquiera han podido acceder al programa Reactiva Peru"""
2020-08-08 17:07:28,"[?]!!!ATENCION!!! El procurador anticorrupcion, Amado Enco indico que sobre los prestamos de Reactiva Peru el ministerio de Economia no ha convocado a las entidades del sistema anticorrupcion y antilavado de activos."
2020-08-08 17:05:24,"Se ve que no sabes ni mierda de tributacion, sino sabes como mide el estado los pagos al fisco, y como se aprobaron las empresas al reactiva, mejor no opines triste ignorante"
2020-08-08 16:18:20,Vizcarra y ministra de economia cometieron actos delictivos al entregar creditos a empresas en corrupcion
2020-08-08 16:00:25,BBVA facilitara creditos de Reactiva Peru a mas de mil bodegueros a traves de
2020-08-08 15:57:22,Y quien la responsable de Reactiva Peru ?
2020-08-08 15:55:52,"HahahaEso huele a ""mojada de mano""Siendo asi, voy a abrir un fumadero con nombre de bar. Vendo unos traguitos, pago impuesto, quien sabe me cae el Reactiva Peru."
2020-08-08 15:51:44,Reactiva Peru causo perjuicio al Estado - Diario Expreso
2020-08-08 15:50:08,Reactiva Peru causo perjuicio al Estado.Se entregaron millones a empresas investigadas por corrupcion. La ministra Alva no convoco a las entidades del sistema anticorrupcion y antilavado de activos.
2020-08-08 15:47:46,"Oe retrasado, esas son las condiciones para acceder a reactiva Peru, y si la cumplen califican, sino querian que estos locales acceden, las hubieran puesto como exclusiones, pero que vas entender esto mascota, lee para que no hagas el ridiculo"
2020-08-08 15:43:52,"Si figuran en la lista reactiva, es xq contribuyen al fisco, son formales, y no son cabeceadores, donde estaria el problema?... ahora mencione sus antecedentes de los que no se beneficiaron, esa seria noticia"
2020-08-08 15:42:36,Y reciben Reactiva Peru
2020-08-08 15:37:08,"Magaly Mayra ""Vargas Llosa"" Quintero ""Nueva Zelanda"" ""La Republica"" Liverpool yanira nadine Londres urresti ""Reactiva Peru"" Huancayo melgar federacion montesinos Metropolitano coki ESSALUD"
2020-08-08 15:29:44,"En : PLATA ARDIENTE. Segun informacion oficial, Reactiva Peru del ha ayudado a parar la olla a algunos negocios vinculados al sexo: night clubs, sex shops, saunas donde se ejerce la prostitucion y mas. La nota en ."
2020-08-08 15:29:16,"""Lo que hemos visto es un crimen"" - Realidad Noticias relevantes del Peru y el Mundo, COVID-19, Reactiva Peru, Arranca Peru, Cuarentena focalizada y Reconstruccion con cambios"
2020-08-08 15:22:25,"Este diario se va ala quiebra dentro de poco , si cae Vizcarrata al tk cierra y vende sus propiedades , el problema es quien va devolver los millones de Reactiva Peru que le dieron x ser guaripolera del gobierno ??"
2020-08-08 15:19:46,"Le dieron a/10 millones de Reactiva Peru y encima bota gente y baja sueldos ,solo queda los lacras y chupamedias"
2020-08-08 14:57:10,Tal vez sea populista...pero eso de reactiva peru..tambien no son miles...son millones de soles a empresas que no lo nesecitan..por eso mismo la gente pide lo mismo
2020-08-08 14:52:47,"No se regalo nada a nadie, Reactiva Peru es una medida para inyectar dinero a la economia, poco importa en punto de aplicacion. Habria que definir el termino apoyo, que es apoyo a microempresas?"
2020-08-08 14:52:24,"Reactiva Peru son prestamos, el bono no se devuelve.Partiendo de ahi creo que es dificil compararlos."
2020-08-08 14:51:31,||Reactiva Peru causo perjuicio al Estado.
2020-08-08 14:51:29,Espero lleve anuncios nuevos para la ONP y que explique bien el dinero concedido a empresas grandes como a reactiva Peru.
2020-08-08 14:43:52,Senor Urresti las grandes empresas ya se favorecieron con Reactiva Peru con recursos del pueblo ahora que puedan las AFP devuelvan el % de sus fondos a los que quedaron desempleados por la pandemia es su dinero.
2020-08-08 14:41:23,"Se entregaron millones a empresas de Lourdes Flores, de Horacio Canepa y otras investigadas por corrupcion."
2020-08-08 14:36:35,"Seria bueno un Reactiva Peru con millones para las microempresas y las pequenas empresas, el Vizacarra dio muchisimos millones a estas grandes empresas que tienes muchos millones para funcionar tranquilamente asi la pandemia dure anos.... Pero los microempresarios no pueden..."
2020-08-08 14:31:58,Bueno es la realidad reactiva peru fue un beneficio para sus amigos de las grandes empresas asi como la suspencion perfecta. Increible como TALENTOS llevan abajo al pais.
2020-08-08 14:24:05,Es clave se agilice la ejecucion de los programas de financiamiento (FAE Mype y Reactiva Peru) y se priorice a las pymes. (3/3)
2020-08-08 13:56:17,"explosion se debio a ""negligencia"" o a ""un misil"" - Realidad Noticias relevantes del Peru y el Mundo, COVID-19, Reactiva Peru, Arranca Peru, Cuarentena focalizada y Reconstruccion con cambios"
2020-08-08 13:45:21,"Oiga no auspicio a la CONFIEP??? Despues de todo de q. Se quejan , si el mayor monto de reactiva Peru, entro a sus arcas de ellos, y si no pagan , pues el Peru entero pagara esas deudas con nuestros impuestos... Ojala paguen auq yo dudo."
2020-08-08 13:23:30,"En todo el mundo se uso bien las reservas del erario nacional, en especial en el sector salud, en el Peru se regalo millones con reactiva Peru a la Confiep no se apoya a la micro y pequena empresa, reflejo de la cantidad de ambulantes, se repartio mal los bonos etc.."
2020-08-08 13:23:03,"Premier Martos , la cuarentena NO funciona si la poblacion NO tiene dinero , otorgue el Bono Universal y/o Prestamo personal(Reactiva ,Social) , con las mismas facilidades fe Reactiva Peru.Solo asi funcionaria la cuarentena..."
2020-08-08 13:14:55,Es dinero de los peruanos .... reactiva PERU ya les dio millones q mas plata quieren los q no quieren mas Afp q devuelvan nuestro dinero .....
2020-08-08 12:54:40,": CASA ANDINA. DICEN q No tienen plata, DESPIDEN trabajadores de forma arbitraria, PIDEN MLLNS de REACTIVA Peru, xq se DECLARAN en casi QUIEBRA, pero FIRMAN CONTRATOS para CONSTRUIR NUEVOS HOTELES. ?Con que plata? Del Estado?"
2020-08-08 12:44:41,"El gobierno de tiene una estrategia politica para c/el sector privado: ""te miro a la distancia"", ""TE PRESTO -en Reactiva Peru- pero me cumples c/obligatorios condicionamientos sociales"", ""te mastico, pero no te paso"", ""no olvido q donaste a Keiko M de dolares""."
2020-08-08 12:37:20,Reactiva Peru para las microempresas...las pequenas y medianas siempre se devoran al micro empresario.... realidad cruda que nadie quiere ver.
2020-08-08 12:34:53,Reactiva Peru para las microempresas...las pequenas y medianas siempre se devoran al micro empresario.... realidad cruda que nadie quiere ver.
2020-08-08 12:29:25,"Que tal ministra de Economia el ministerio de economia y finanzas avalo el prestamo al MOLINO ROJO, y a varias empresas relacionadas con la prostitucion y el sexo Que tal reactiva Peru [?] y asi la ratifican nuevamente. Estamos jodidos [?]"
2020-08-08 12:21:16,"de una vez actuen ,130 congresistas permiten este genocidio del pueblo, que han echo con los $30mil millones del FMI, por ahi lei que le dieron al Grupo Comercio (Grana) s/10millones x Reactiva Peru , a un ladron x la puta mare."
2020-08-08 12:10:34,"Animal... mueren diarios , cuando ch...van a comprar que han echo con los $30mil millones que presto el FMI al Peru , o todo se fue a Reactiva Peru para empresarios allegados a Odebrecht.... malditos"
2020-08-08 12:07:33,"Mentira hay stock, que han echo con los $30mil millones que presto el FMI?? Acaso la plata se fue en Reactiva Peru a empresas allegadas a Odebrecht ? ,"
2020-08-08 11:51:41,Por cosas asi deberian quitar la ayuda de reactiva Peru a la Republica...
2020-08-08 11:47:56,"Solamente decir que es lo hay de cierto con las afirmaciones de que el bono no llego a los que mas necesitaban o si se inyecto capital de Reactiva Peru a un grupo priviligiado como las farmacias, etc. Y no se apoyo a las pequenas empresas."
2020-08-08 11:17:00,"Que lo suspendan un ano para que aprenda a respetar a la gente. Al insultar al Presidente nos ha agredido a todo el Peru. Sinverguenza, encima se ha aprovechado de su cargo para beneficiarse con los creditos de Reactiva Peru por S/.444,000.00. Convenido solo para sus intereses."
2020-08-08 06:11:04,"casos superan los millones - Realidad Noticias relevantes del Peru y el Mundo, COVID-19, Reactiva Peru, Arranca Peru, Cuarentena focalizada y Reconstruccion con cambios"
2020-08-08 04:38:02,"Nadie es indispensable en la Administracion Publica, si es tan buena como dicen, lo cual no lo ha demostrado hasta ahora, deberia estar trabajando en el fondo Monetario Internacional o cualquier otra Organizacion Privada, Reactiva Peru es su Peor carta de presentacion"
2020-08-08 04:30:18,"Que gestion?Solo ha beneficiado a la confiep regalandoles millones con el cuento de reactiva Peru,el tema de los bonos de solo ha llegado a un % de la poblacion y eso no se puede aplaudir,solo se preocupa por las grandes empresas,su politica esta disenada para empobrecernos"
2020-08-08 04:24:55,Contenido Reactiva Peru para ustedes
2020-08-08 04:18:34,"Milico golpista, apoyo el golpe de estado..!!! Ahora quieren proteger los errores economicos de REACTIVA PERU, la NO reactivacion economica y crisis sanitaria d pais.. Debe instalarse un gobierno de emergencia nacional!!!"
2020-08-08 04:16:00,"Sinverguenza error cambiar, error fue entregar los dineros de REACTIVA PERU A UN GRUPO DE MERCENARIOS DEL MONOPOLIO COMERCIAL Y FINANCIERO, A Tasa de menos del % cuando estos le cobran al ciudadano el % en sus tiendas de retail... La politica y descontrol es un fracaso."
2020-08-08 03:55:21,"Soluciones Estructurales reciben de Reactiva Peru a pesar que ganaron S/74 millones en pandemia Segun el informe periodistico del portal de investigacion El Foco, revela que la empresa Soluciones Estructurales SAC ha sido la que mas contratos ha .. --IP"
2020-08-08 03:47:17,"Pobre diablo, quiere quedar bien con la Confiep que es la que le ha impuesto la continuidad de la bachiller del MEF, porque con Reactiva Peru, los DU y , su defensa de las AFPs, etc; garantiza que nada cambie para que todo siga igual"
2020-08-08 03:07:21,Reactiva peru esta dando sus frutos ...
2020-08-08 03:02:58,Osea no hay otro profesional licenciado capaz da pena este ministro de pacotilla lo que pasa es quieren tapar el regalo de Reactiva Peru
2020-08-08 02:35:55,El dinero saldra del tesoro publico no te preocupes asi como dieron millones de reactiva Peru a las grandes empresas es lo justo que devuelvan el dinero al pueblo que se MUERE
2020-08-08 01:56:02,BBVA facilitara creditos de Reactiva Peru a mas de mil bodegueros
2020-08-08 01:40:32,"CARLOS PARODI: La perdida del empleo de abril a junio en nuestro pais, ha sido mayor entre trabajadores informales de bajos ingresos y jovenes. Por otro lado, los resultados del programa ""Reactiva Peru"" han sido positivos pero limitados."
2020-08-08 01:33:46,"Gerardo Freiberg Puente, gerente general de , brindara manana a las p. m. una conferencia virtual sobre Reactiva Peru y FAE-Mype.[?]Conectate al enlace:"
2020-08-08 01:30:35,"[?]!!ATENCION!! Soluciones Estructurales, empresa donde el primo de Salvador Del Solar es Gerente General y les fue muy bien en medio de la pandemia gananado S/74 millones por contratos directos con EsSalud y Minsa se beneficio del programa Reactiva Peru"
2020-08-08 01:08:43,"En este sentido, resulta fundamental que el Estado garantice el adecuado manejo de los programas con Reactiva Peru y FAE-Mype a fin de que estos fondos lleguen realmente a las Mypes que lo necesitan, especialmente las que se encuentran en el interior del pais. (2/2)"
2020-08-08 00:40:44,"No es un plan, es la soga al cuello que el Propio Vizcarra se pone, insiste en poner al Ministro de economia REACTIVA PERU, mismo ministro d ellas TABLET Truchas... con Cesar Hilderbrabt es un bueno para nada, pasquin de odio e Informacion toxica para el Peru."
2020-08-08 00:26:52,Una verguenza atv pense q estarian a favor del pueblo y de sus nesecidades pero le han dado la espalda al congreso y al pueblo porque no hablan de las AFP de las ONP y de los Bancos usureros de las Clinicas buitres del Reactiva Peru q solo bebificio a los mas grandes
2020-08-08 00:26:00,"Y el combo reactiva Peru fue indispensable para ganarse a los super ricos de este pais, el plan mayor incluye q ellos se hagan los giles en el pago y que nuestra ministra de economia nos advierta que seremos nosotros quien lo pagara en caso ellos no lo realicen."
2020-08-08 00:11:48,"Absurdo es tu comentario, quiero mi dinero del esfuerzo de mi trabajo. Trabaje anos en la AP. ?Por que tendria el Estado quedarse con el esfuerzo de mi trabajo? Pero cuando le dieron dinero de REACTIVA PERU a las grandes empresas se te trabo el hocico ?Sabes? !Vete a la mie..!"
2020-08-08 00:00:52,"[?]urante estos dias, las investigaciones por posibles casos de corrupcion por parte del congresista Perez Mimbela, el un gran credito de Reactiva Peru ha pasado desapercibido. Hay que estar atentos ante este tipo de actos."
2020-08-07 23:50:52,"Consulta: Si ya tengo un prestamo atrasado por pandemia, y este banco me ofrece el reactiva Peru pueden descontarse las cuotas atrasadas? Espero alguien me pueda ayudar con esa consulta.. Gracias"
2020-08-07 23:45:59,"Reactiva Peru deberia de llegar a los pequeniiiiiiiitos empresarios caso panaderia,mecanicos,carpinteros ,albaniles,soldadores,etc,porque ellos tambien dan trabajo a mas personas,ah,pero eso nunca va a suceder,la plata solo es para los grandazos y embarazos o no."
2020-08-07 23:35:38,"Mas irresponsable es este gobierno incapaz que el pequeno y microempresario ya quebro, para ellos no hubo reactiva peru, solo para los mas grandes, entonces minimo que tengan la oportunidad de retirar su dinero que mes a mes les fue descontado, es absurdo decir que no hay dinero"
2020-08-07 23:27:52,Tenemos una suma de ratas alcalde presidente regional y el gobierno central es el responsable directo el maneja el ministerio de economia no compran plantas de oxigeno respiradores mecanicos hospitales debuelven dinero entregan al grupo de los miroquezada plata de reactiva peru
2020-08-07 23:24:27,"!Las lacras son tambien las que estan jodiendo al pais!..y esas tienen ""reactiva Peru!..reciben comisiones por el endeudamiento que hoy tiene el Peru con el BM. !Eso como se llama! !Cuanto dano hace!..si eso no es terrorismo..todos estamos locos.."
2020-08-07 23:17:26,"Otra Sorpresa de Casa Andina. Dicen que No tienen plata, despiden trabajadores de forma arbitraria, piden millones de Reactiva Peru , porque se declaran en casi quiebra, pero si tienen plata para firmar contratos para CONSTRUIR NUEVOS HOTELES. Me pregunto, con que plata?"
2020-08-07 22:51:08,"La Pdta d Confiep sale a ""franelear"" al nvo Premier, le pide trbjar mas con el sector privado, con transparencia;transparencia es, haberle sacado la vta al Gbno con el Acuerdo con las Clinicas?, haber monopolizado el dinero d Reactiva Peru?, k tal concha!!"
2020-08-07 22:50:02,BBVA y Backus se unen para facilitar creditos de Reactiva Peru y capacitar a mas de bodegueros del pais a traves de
2020-08-07 22:47:41,Y reciben el reactiva Peru pese a que a ellos les fue super en la pandemia.
2020-08-07 22:25:03,y su gobierno inclusivo
2020-08-07 22:00:36,"No suspension perfecta, licencia con goce de haber, restriccion de reactiva Peru si sacan personal, me pregunto si autor alguna vez ha manejado una empresa. Alguien se prestaria plata para pagar por algo que por el momento no es necesario? Luego bonos y + bonos, y los ingresos?"
2020-08-07 21:29:00,"MERMELERA ?Quien era el conejo? VIZCARRA, mas REACTIVA PERU para canal Latina."
2020-08-07 21:03:39,"Debiese ser obligatorio para todas las empresas que les han dado el Reactiva,mantengan el teletrabajo de sus trabajadores,pero no. Se les ayuda a ellos pero estas patronales insisten en ir a favor de la pandemia."
2020-08-07 20:59:24,"Si hablamos de combo regalon, que premio fue de las grandes empresas corruptas que recibieron de reactiva Peru"
2020-08-07 20:57:52,"Ojala Ministra repare el dinero de Reactiva Peru, que han recibido,bancos,empresas con dinero, el que le miento la madre al psdte,su Empresa, que devuelvan para las mipes, que si necesitan!! Lo ultimo que el Presidente hable con los bancos USUREROS,puede!!!!"
2020-08-07 20:55:12,Comunista ? Si claroooooo.Con un reactiva Peru practicamente solo para grandes empresasCon monopolios rampantes que hacen lo que quieren en el mercado Con clinicas q cobran millones a sus pacientes.Con bancos que mas parecen agiotistasTodo con el amen del presidente.
2020-08-07 20:52:23,Reactiva Peru es prestamo y los bonos son subsidios.
2020-08-07 20:43:45,Reactiva Peru tambien ha ayudado a negocios vinculados al sexo y a la prostitucion
2020-08-07 20:33:13,Reactiva Peru o el BCP?. Deben tener muy buenas referencias financieras para pasar filtro del banco y Cofide.
2020-08-07 20:18:01,"Que alegria sentiran sus amigos los banqueros, los millonarios que la manejan a su antojo, continuara la fiesta donde la pinata es Reactiva Peru , luego la y asi sucesivamente, todo con tal de darles mas y mas dinero, sin embargo sigue hambreando al pueblo, que poca verguenza"
2020-08-07 20:07:53,"Cual seran las medidas del nuevo , que concretamente hara al respecto o seguira con carta libre dando recursos Reactiva Peru I y II, Exoneraciones y demas facilidades a la Gran Empresa y al Peruano de a pie que se siga jodiendo."
2020-08-07 19:47:46,Dificil de saber. El Peru gana vacando a Vizcarra si el proximo presidente realmente le importa el pais y frena la pandemia y reactiva la economia.
2020-08-07 19:38:16,"Como siempre metiendo miedo, lo mismo decian con el % de las AFPs lo que sobra es plata en el Peru sino preguntenle a los que recibieron de reactiva Peru, o sino hacemos una chanchita de impuestos a la riqueza."
2020-08-07 19:10:10,Adicional a que contrataba con el Estado en plena pandemia tambien recibieron mas de millones del Reactiva Peru. Tienen contrato hasta noviembre .
2020-08-07 19:08:26,Y recibieron del Reactiva Peru
2020-08-07 19:07:06,Les falto que recibieron del Reactiva Peru
2020-08-07 18:54:51,"Gracias sra. congresista siga en esa linea , los felicito por ser consecuente con sus ideas, eso de que ese dinero no existe es una falacia estupida esgrimida por estupidos trolls. Investigar el programa reactiva peru es dinero de nuestros impuestos."
2020-08-07 18:47:01,Par de miserables VENDIDOS a las AFP. Que mas podemos esperar de estos mermeleros cuyos duenos de Grana y Montero recibieron millones de soles de REACTIVA PERU para comprar su conciencia.
2020-08-07 18:35:33,"Credicorp tuvo perdidas por S/ millones en el segundo trimestre, la mayor en su historia.Su caida en bolsa desde el inicio de la pandemia es de %.Participa en Reactiva Peru con mas del % de los creditos."
2020-08-07 18:34:01,"De su padre, de su Hermano, los dichosos bonos dirigidos a ciertas personas, el famoso reactiva Peru dirigido solo para empresas millonarias, su ministro de educacion, un mediocre que hizo vos populi la compra de Tablets y en una conferencia de dijo que el %.."
2020-08-07 18:18:26,Que buena reactivacion de Reactiva Peru mediante !
2020-08-07 17:55:23,"Que hablas ?? Es de derecha, liberal y mercantilista salvaje. Acaso no ves los monopolios? Reactiva Peru para las empresas de las grandes corporaciones ? A quien quieres confundir ? Mejor sigue en Automundo, alli la haces bien..!!"
2020-08-07 17:37:06,"Porque hildebrandt no saca esas empresas q le deben al pais en impuestos mas de mil millones como minera, nluz del sur y telefonica y otros y q su cso esta esta ahi por anos de anos en el tc, y esa plata ahora necesitamos y al contrario se les da mas plata con reactiva peru"
2020-08-07 17:13:12,"Tiene que ser interpelada la Ministra, porque se arrodillo a los grandes grupo de poder, como Uds comprenderan que se beneficiaron con reactiva Peru, la pregunta! Que sufrieron uds como empresa, para ser beneficiarios de un dinero del Pueblo Peruano,solo decirles ojo vigilante"
2020-08-07 17:10:01,"Sera para ustedes MERMELEROS con la PROPAGANDAGOBIERNISTA y los PRESTAMOS de REACTIVA PERU,al PAIS nada. Al pobre mas pobre y la clase media se convirtio en pobre."
2020-08-07 16:42:20,"""Reactiva Peru y el sexo"". ""La muerte hace su agosto""."
2020-08-07 16:41:44,"No tiene sentido lo que dices. Si Vizcarra es comunista, ?por que existe Reactiva Peru para apoyar a la empresa privada? ?Por que nombro a un primer ministro pro-minero?"
2020-08-07 16:40:55,Vacancia al ladron de Vizcarrata se tiro $30milmillonea de Reactiva Peru
2020-08-07 16:30:31,"digame, ?porque no comentan nada sobre ""reactiva Peru"" ?o ? sera verdad que no podria ser juez y parte de este asunto?..."
2020-08-07 16:03:18,"PERU % empresas son MICRO y PEQUENA EMPRESA grueso DESPIDOS es de este sector INFORMAL donde estan profesionales y su personal obvio los dejaron REACTIVA a tiempo NO HUBO el MERCADO deprimido solo tiene espacio para pocos, GRAN y MEDIANA tiene su aporte pero pequeno"
2020-08-07 15:47:30,"Nuevo gabinete. Pero, nueva politica? Bien respaldar reforma universitaria. ?Que sobre contagios y muertes? ?Sigue Reactiva Peru en manos de banca privada? ?Sigue debilitamiento ambiental y consultas indigenas para facilitar mineria y petroleo? ?Igual que con Cateriano?"
2020-08-07 15:46:50,Trabajar realmente para los intereses del grupo Confiep. Por la poblacion mas necesitada definitivamente no se ha dictado las politicas que los beneficien. Como sabemos solo en Reactiva Peru se favorecio a las grandes empresas que realmente no lo necesitan por su alto utilidad.
2020-08-07 15:11:35,"PORQUE NO ME OTORGAN EL BENEFICIO DE REACTIVA PERU...CUMPLO CON TODOS SENORES...SIENDO QUE SOY MYPE......ACASO POR NO DAR UN % A UNOS DE SUS SECTORISTAS NO ME APRUEBAN....TENGO QUE SER CORRUPTO PARA QUE ME EVALUEN BIEN.... , ALGUN FAMILIAR EN EL PODER?????"
2020-08-07 15:10:40,Grupo Danper aumentara sus exportaciones en % y llegara a US$ millones.Empresas del grupo recibieron S/ millones de Reactiva Peru.
2020-08-07 15:00:01,Empresas cambian de razon social para no pagar a trabajadores.
2020-08-07 14:53:12,"Vale, entonces la reactiva ion economica debe ir de la mano con la salud."
2020-08-07 14:45:37,"Pues enterate si no se reactiva la economia no hay dinero para, financiar las asistencias de SALUD.O ud quiere subvenciones y de donde sacarian el dinero?Vaciar las arcas del estado?"
2020-08-07 14:13:43,"Dale fuerte Tony, no te rindas, sugiero que expliques mejor Reactiva Peru I, reconocer errores, enmendarlos ara mejorar Reactiva Peru II. Fuerza Mujer, estamos contigo."
2020-08-07 14:13:34,Alguien ya ha recibido Reactiva Peru del ? Pregunto porque amigos clientes de Interbank y BBVA ya lo recibieron y una persona me dateo que COFIDE puso filtros extra al BCP por haber entregado dinero a empresas corruptas.
2020-08-07 13:36:53,"Peru cuando no dando portadas a sus clientes. Sus duenos ya recibieron millones de REACTIVA PERU, rica mermelada del Gobierno."
2020-08-07 13:06:05,"Reactiva Peru para las micro que son las que dan trabajo, las grandes empresas ya se cebaron. De nada sirve rascar bien donde no pica Ministra. No pidan tantos requisitos, en todo al final hay un riesgo y en esta situacion el peor riesgo es paralizarse."
2020-08-07 13:00:14,"Pucha, me haces volver al primer comentario. Se supone que Reactiva Peru es para salvar a las empresas y no para matarlas. Por eso sigo sosteniendo que va acorde a la liquidez que tiene la empresa. !Saludos!"
2020-08-07 12:56:38,"O quieren levantar sus negocios y el bendito reactiva Peru se quedo, en mayor parte, en el bolsillo de empresarios ricos. Son tiempos extremos, y la verdad pensar de manera convencional no sirve. La urgencia es ahora y el estado no tiene capacidad de solucionarla."
2020-08-07 12:45:56,Nunca recibimos Reactiva Peru por ser pequenos
2020-08-07 12:42:09,Jajajaja Esta haciendo todo lo contrario. El programa REACTIVA PERU esta hecho para favorecer a las grandes empresas.
2020-08-07 12:39:50,"Distribuye mejor el prestamo de reactiva Peru, le entregas a empresas que generaron ingresos en plena pandemia. se mas inteligente, gente comun y corriente mueve la economia y genera empleo, el Peru no es un pequeno grupo de privilegiados"
2020-08-07 12:30:44,Despues de la millonada de reactiva Peru? Quieren mas plata del Estado? Para acumular las riqueza en perjuicio del pueblo?
2020-08-07 12:20:43,Porque a las empresas mas grandes les dan prestamos de reactiva Peru con tazas de % y a las mypes no?
2020-08-07 12:06:17,Gestion y los justificadores del negocio Reactiva Peru. Segun el autor: la empresa grande mas dinero; empresa pequena menos dinero. Pero deberia ser al reves porque ?Quien tiene mayor liquidez? ?Quien tiene mayor capacidad para sostener una crisis?
2020-08-07 11:35:08,"casos confirmados por coronavirus en Peru suman - Realidad Noticias relevantes del Peru y el Mundo, COVID-19, Reactiva Peru, Arranca Peru, Cuarentena focalizada y Reconstruccion con cambios"
2020-08-07 11:00:00,"""Reactiva Peru, ?Un acierto o un fracaso?"", lee aqui el de Te lo cuento facil >"
2020-08-07 10:20:02,"Este se paso de conchudo. Despues de los millones que recibio de reactiva Peru, despues que se aprovecho de la suspension perfecta de labores. No jodas pues Roque, no seas hambreador, deja tambien para los demas que ni bono han recibido."
2020-08-07 09:31:06,"procesaran pruebas moleculares por dia para descarte de covid-19 - Realidad Noticias relevantes del Peru y el Mundo, COVID-19, Reactiva Peru, Arranca Peru, Cuarentena focalizada y Reconstruccion con cambios"
2020-08-07 08:59:28,"Y siguen negando informacion sobre Reactiva Peru y sobre el interes q le cobra el.BCRP a.las AFP de.lps millonarios fujimoristasPoco se va a saber todo,.mira a Castilla"
2020-08-07 08:32:51,"Seguimos Esperando Reactiva Peru, para las pequenas empresas...... y sobre FAE_ MYPE, es una falacia las cajas Solo dan a sus clientes... nadie supervisa ello... se desembolso mucho dinero para beneficio de unos pocos... Seguir trabajando con vocacion por el pais...."
2020-08-07 06:41:34,Un poco menos trabajo para los grandes empresarios y mas para esos pequenos y medianos empresarios cuyos negocios estan colapsando porque el dichoso reactiva Peru no llega para ellos.
2020-08-07 05:24:48,"Si, pero estas haciendo mal tu trabajo, hay empresas MYPES como el mio no pudieron recibir Reactiva Peru, y practicamente estamos quebrando,... Y nuestros trabajadores que...."
2020-08-07 05:23:37,"Repites como loro lo que desconoces. Los prestamos de Reactiva son otorgados por los Bancos Privados, Reactiva no es tu dinero es del Banco Central, el mismo que no pertenece al Tesoro Publico. IGNORANTE"
2020-08-07 05:01:50,"La onp para cuando??? Para las grandes empresas hay plata pero para el pueblo solo desprecio, tengo una micro empresa y no me aprueban el reactiva Peru de que ayuda estan hablando???"
2020-08-07 04:34:35,) Activos que generan interesesiguen incrementando/manteniendo su crecimiento en colocacion de produtos tanto en Peru como en Bolivia.Ademas del % de participacion de Reactiva (programa de reactivacion economica del Peru).Semaforo: Verde
2020-08-07 04:19:52,Reactiva Peru who
2020-08-07 04:13:07,"El gobierno no ha dado prestamos de reactiva, lee un poco para informarte..."
2020-08-07 04:10:09,"Ministra UD. Es buena regalando dinero a las grandes empresas ,ministerios y municipios pero nada para los independientes informales o los que emiten recibo de honorarios o aquellos q viven del dia .No se ve el impacto bueno ni de reactiva ni arranca Peru ??tanto dinero??"
2020-08-07 03:56:08,"?Cual confianza? Dile gracias a tu papi que es su gran amigo de Viscarrata y a la vez amigo de los ricos, ojala que esta vez expliques porque beneficiaste a las grandes empresas con Reactiva Peru y nunca preocuparte por los mas necesitados."
2020-08-07 03:47:11,Ministra siga trabajando toda la buena vibra! pero tenga cuidado hay errores q subsanar y mejorar los filtros de Reactiva Peru los micro empresarios estan pasandola mal mientras algunos valiendose de artimanas lograron el bono EL PERU LA NECESITA JUSTA.
2020-08-07 03:35:32,"Vizcarra siguio apoyando sus ministros , lo mas raro el ministro de educacion otorgo licencias para grupo intercorp y la ministra de economia le entrego grupo intercorp dinero reactiva peru , entre ellos tapan"
