2020-08-10 05:24:12,"Economia: Bachillerato - Casani, Llorente &amp; Perez - ra Edicion"
2020-08-10 04:53:49,"Si el martes -a traves de e - permite que la quebrada y extinta Gremco ponga en liquidacion a , se iniciara una guerra civil sin precedentes entre quienes vamos a morir defendiendo a ..."
2020-08-10 04:31:14,Dificilisima semana la que se viene en esta semana
2020-08-10 04:20:16,"Claro, la culpa es de la administracion de , que acaso la gente no tiene sentido comun para saber que no se deben reunir o realizar concentraciones masivas?"
2020-08-10 02:17:52,Las casas que todo estudiante universitario o cualquier persona deberia tener durante este
2020-08-10 00:51:12,"Huyyyyy asi que el gobierno intercedera, genial informacion de la ."
2020-08-09 23:24:04,"Gremco Corp, presidente de la Junta de Acreedores de alzo la voz ante los incidentes ocurridos el viernes por un grupo de barristas y que conllevaron a la suspension de la ?Que opinas?"
2020-08-09 22:41:03,!Ya esta disponible el Segundo Episodio de La Plataforma! Conoce la historia de lideres estudiantiles a nivel universitario. Visita:
2020-08-09 22:29:33,La culpa es de
2020-08-09 22:29:03,Manana se designa al nuevo administrador concursal de y ya tiene de dudas por cancelar. Al primer equipo se le debe Junio y Julio.
2020-08-09 22:27:47,Comunicado de ante los sucesos que involucran a los hinchas de . De hinchas para hinchas
2020-08-09 21:53:36,"Ante el anuncio del nuevo escudo de , no se queda atras y presenta su rebranding:"
2020-08-09 21:50:59,"El mejor arquero que vi el Cholo Yupanqui, luego se consagra en"
2020-08-09 20:37:05,Y hasta mi mini yo ... ... !...
2020-08-09 18:27:33,"Una deuda mas una deuda menos, ya no importa."
2020-08-09 17:13:16,Y DALE U!!!
2020-08-09 16:12:00,?Como que no debe ser sancionado? ?Quien dejo entrar al Monumental a estas personas a realizar actividades pirotecnicas? La reactivacion economica relacionada al futbol se vuelve a estancar dejando a varios sin nada gracias a Universitario.
2020-08-09 15:48:58,"[?]Pese a la situacion critica por la pandemia de la COVID-19, tampoco fue ajeno a las ""celebraciones"" de un grupo de hinchas de por el deg aniversario, alrededor de la estatua de Cristo Blanco, ubicado a metros del parque arqueologico Sacsayhuaman."
2020-08-09 14:20:15,"Ya vimos como los ""hinchas"" de salieron sin medir las consecuencias, con IRRESPONSABILIDAD, soy d los q cree q no seran los unicos y q otros hichas d otros equipos haran lo mismo, NO respetan a la autoridad.Se debe de dar x culminado este ano el futbol en ."
2020-08-09 12:06:27,"Este lunes Edicion especial de ONCEUna completa investigacion sobre la suspension del torneo. Lo que se esconde detras de los disturbios de los barras de , disfrazados de celebracion. ONCE con todos los detalles."
2020-08-09 11:20:44,?Quieres saber como son las habitaciones de nuestra residencia?Aqui teneis una foto.?A que son geniales?
2020-08-09 10:38:18,Acabo de ver la noticia quizas algo tarde de que es nuevo tenico de la . Y automaticamente se me vino a la mente que hace un par de anos atras el mismo llegaba a Lima a jugar un partido por pero por temas extradeportivos nunca se dio.
2020-08-09 10:23:06,El ABC de la Electronica - Steren - ra Edicion
2020-08-09 03:27:04,Como para no perder la costumbre.
2020-08-09 02:29:22,Y este es el pase donde se parten los pistones..
2020-08-09 00:55:03,Cosas que nunca revisaste
2020-08-08 23:57:39,la ca... Como siempre dejando mal al Peru.
2020-08-08 23:26:12,"La Conmebol escribio lo sgte: Recordamos un equipo que hizo historia en el futbol peruano. En llego a la Final de la . tenia figuras como Percy Rojas, Hector Chumpitaz, Fernando Cuellar y Oswaldo Ramirez."
2020-08-08 22:59:05,"Y aca no dice ni pio de los lanzados IRRESPONSABLEMENTE por parte de los hinchas de ???Mmm....Deben deslindar de eso tambien, xq sino se entienden q lo estan avalando.Asi no es Sres."
2020-08-08 22:51:11,Siguen las coordinaciones entre el Gobierno y la FPF. Por lo pronto empezaria la con puntos en la Tabla.
2020-08-08 22:43:21,!Atencion cremas! Proyecto ya lleva mil a esta hora. Planean llegar al millon a fin de mes. Buen promedio [?]: EmbajadUr Crema recolecto cien mil soles en solo horas [FOTO]
2020-08-08 22:32:52,[?][?] IPD suspende fecha del Torneo Apertura.
2020-08-08 22:32:44,"Desde el chongazo de hasta la salidita a una cevicheria por parte de los jugadores de Binacional y ahora con los barristas de entre otros. El campeonato de la esta por ser suspendida. Lamentables actos, en tiempos dificiles"
2020-08-08 22:16:31,La culpa es de
2020-08-08 22:08:39,Regreso y suspension en Peru | y empataron sin goles en la reanudacion del futbol peruano pero por un banderazo de los hinchas cremas en los alrededores del estadio Nacional la liga fue suspendida hasta nuevo aviso.
2020-08-08 21:50:47,El incumplimiento de los protocolos sanitarios en Enterate de todo aqui \[?][?]/[?] [?]
2020-08-08 21:43:49,Eso es amor a la camisetaLa U es la U pe..
2020-08-08 21:38:39,La culpa es de
2020-08-08 20:25:33,Un tarado criticando la violencia generado por y claro lo hace con mas violencia.
2020-08-08 20:20:20,"decidio suspender el resto de la ma jornada del Torneo Apertura tras los hechos ocurridos con decenas de fanaticos del que llegaron hasta las inmediaciones del Estadio Nacional, a pesar de que estaba prohibido desde un inicio."
2020-08-08 19:21:09,"Penarol le manda este mensaje a sus hinchas para que no realicen ningun tipo de concentracion antes de su partido. Medida acertada de las cabezas del equipo uruguayo, cosa que la administracion de no considero en su momento. Esto se tiene que repetir en el futuro."
2020-08-08 19:16:50,Hasta a tu propio club le das verguenza.
2020-08-08 18:51:26,"Increible que ninguna autoridad, institucion de ""defensa"" , municipio o el mismo club no tomen acciones contra esos animales que se juntaron en toque de queda para reventar cohetes por"
2020-08-08 18:00:38,Dicen que la grandeza de un club esta en su hinchada
2020-08-08 17:57:11,Cortesia de una parte de la hinchada de
2020-08-08 17:40:23,"pidio la suspension del torneo tras aglomeracion en las calles de los hinchas de , una medida ajustable por la situacion; del mismo modo en que se suspendieron actividades religiosas, politicas, estudiantiles, entre otras... es momento de adecuarse."
2020-08-08 17:05:15,"El ex arquero, formado en la cantera de Universitario se encuentra radicado en Gualeguay, donde hablo del aniversario del Club Barrio Norte, proximo a cumplir anos."
2020-08-08 17:02:24,"[?] [?] El futbol peruano retorno con la igualdad sin goles entre y, por la fecha del torneo Alianza Huanuco se mantiene como lider del certamen con puntos"
2020-08-08 17:00:01,"[VIDEO] En plena pandemia, los fanaticos de de Lima se juntaron a festejar el aniversario del club sin respetar los protocolos y el gobierno suspendio el futbol."
2020-08-08 16:50:43,"Entre la barra de la celebrando en pandemia o el IES college hay algo en comun, las burbujas sociales no revientan tan facilmente. Se han vuelto mas cerradas y duras a la aguja de la"
2020-08-08 16:40:05,Que recuerden bien a todos los hinchas de Universitario Ydale(U)
2020-08-08 16:27:04,"La ministra de Salud, , califico de ""crimen"" a los actos protagonizados por decenas de hinchas de , en los exteriores del Estadio Nacional."
2020-08-08 16:22:49,Terrible lo de los hinchas de U no tienen conciencia de lo que estamos viviendo
2020-08-08 16:09:09,"""Este campeonato fue tan breve, que se pasara a llamar ""Copa Ruggiero""."
2020-08-08 16:05:47,Salvemos a Universitario de Deportes...!!!
2020-08-08 15:56:22,"!INCREIBLE! [?].El mismo dia que volvio el futbol a Peru, se cancelo . Hinchas de 'Universitario' no respetaron los protocolos de seguridad y salieron a la calle con bengalas y pirotecnia...por cierto, el partido quedo -0 ."
2020-08-08 15:52:31,"Instituto Peruano de Deportes, suspende la fecha del La Liga del futbol profesional, debido a desmanes, aglomeraciones y desobediencia del estado de emergencia de hinchas de Universitario."
2020-08-08 15:31:53,"explota contra la hinchada de su ex equipo,"
2020-08-08 15:27:23,Jugador de explota contra la hinchada de
2020-08-08 15:12:02,"!ASI NO, MUCHACHOS! [?][?] En las afueras del estadio Nacional [?], miles de hinchas de hicieron un banderazo para apoyar al equipo ante el duelo contra sin cumplir las normas previstas ante el . ?La consecuencia? Se suspendio el futbol"
2020-08-08 15:10:52,Basta de deslindarse de toda responsabilidad. El club no puede desentenderse de su responsabilidad aduciendo que los hechos producidos ayer no los representan. Son sus hinchas los que hacen estas cagadas. Obligatoriamente tiene que haber una sancion para ese club.
2020-08-08 14:47:46,"Gracias Amigos Cremas, siempre siendo tan utiles."
2020-08-08 14:40:43,!Nada de responsabilidad! emitio comunicado pronunciandose sobre los incidentes a los alrededores del Estadio Nacional [?][?].
2020-08-08 14:13:56,"El presidente de la Federacion Peruana de Futbol indico que ""fue un descuido"" lo sucedido con los barristas de ."
2020-08-08 13:46:07,". El primer ministro expreso su rechazo a los actos que protagonizaron decenas de hinchas de , en los exteriores del Estadio Nacional."
2020-08-08 13:45:10,"Q tal imbecil es este Agustin Lozano, decir q ""TAL VEZ fue un DESCUIDO"", lo pinta de inutil completo, eso no es ningun DESCUIDO Sr d la , lo d ayer fue una IRRESPONSABILIDAD de los hinchas, del Club y de la Federacion.Intentando justificar lo injustificable"
2020-08-08 13:32:29,Los Donald Millan jugo minutos en el empate sin goles de ante que tuvo a Jarlin Quintero desde el minuto y Jose Ramirez jugo todo el partido por la
2020-08-08 13:27:42,"!Todo el peso de la ley! pide identificar y encarcelar a barristas: ""Exigimos las sanciones pertinentes"" [?][?]>[?]"
2020-08-08 13:22:18,"AperturaA raiz del banderazo realizado ayer en las afueras del estadio por parte de hinchas de por los anos del club, violando asi el protocolo de sanidad establecido, las autoridades deportivas SUSPENDIERON en forma INDETERMINADA la ."
2020-08-08 13:20:27,Exacto no tiene culpa el gran responsable es el gobierno mazamorra que tenemos
2020-08-08 13:14:43,"CLARO, ahora si habla , cuando la Liga se fue a la mrd.. pero q? Por q no se pronunciaron desde la madrugada cuando salian en toque de queda? O cuando reunieron a las afueras del estadio? cuando llego tu bus? se lavan las manos no? Ya pe causita ni tu vieja te cree."
2020-08-08 13:11:16,"Soy hincha d y NO dejare de serlo por ayer. No estoy d acuerdo con lo ocurrido PARA NADA, pero soy verdadero hincha. Los d ayer definitivamente NO LO ERAN.Dejar d serlo x lo ocurrido solo demuestra lo superficial q puede ser ""alguien"" en su carino"
2020-08-08 13:08:41,"CC eres de la U y dices que ""los que prendieron fuegos artificiales e hicieron todo el chongo no te representan"""
2020-08-08 13:05:58,"Por culpa de estos hinchas de , se suspendio el torneo mas duro"
2020-08-08 12:56:02,"En el futbol volvio tras meses con el partido Cantolao-. Hinchas de la ""U"" incumplieron medidas de protocolo y automaticamente las autoridades de gobierno suspendieron el regreso de la liga peruana."
2020-08-08 12:46:12,No pasamos de imbeciles Es mejor ver la Champions.
2020-08-08 12:40:10,Que identifiquen a todos esos malos hinchas de y los sancionen. es fundamental para controlar
2020-08-08 12:37:12,"Es insolito lo que paso en el regreso del futbol en Peru. Hinchas de hicieron un banderazo en el ingreso del micro al estadio, sin distanciamiento social ni barbijos. ?Que decision se tomo? Suspendida toda la fecha."
2020-08-08 10:57:03,club universitario de deportes se pronuncio sobre las 'Celebraciones' previo al partido Cantolao vs U y dice maxima sancion a los involucrados e autores de este terrible hecho que ocasiono un punto mas para clausurar el reinicio de la Liga
2020-08-08 10:48:06,| |De no creer: suspendieron el futbol de Peru el mismo dia de la vueltaLa presencia de hinchas de Universitario en los alrededores del Estadio Nacional provoco que el Gobierno tomara la decision de suspender la Liga .
2020-08-08 09:24:17,La gran diferencia del verdadero hincha en epocas de pandemia carajo
2020-08-08 08:34:50,La ignorancia es atrevida y en estos tiempos muy peligrosa
2020-08-08 08:20:17,"Entre las hinchadas, la de es la del futbol..."
2020-08-08 07:26:38,"Presidente del Consejo de Ministros, , sostuvo que la de futbol profesional quedara suspendida en forma indefinida Indico que no aceptaran reacciones como las realizadas por hinchas de"
2020-08-08 06:50:22,"!SE SUSPENDIO LA LIGA ! [?][?]En la reanudacion de la , hichas de violaron las normas de bioseguridad, al salir a festejar en las calles su aniversario No. .Solo se jugo -0 por la"
2020-08-08 06:45:07,"La irresponsabildad de un punado de jugadores del mismo club al exponerse comiendo en una cevicheria, conllevando a la suspencion del partido con casos positivos en Huancayo, Cantolao, Boys y la falta de empatia de los hinchas de"
2020-08-08 06:04:00,"Este campeonato fue tan breve, que se pasara a llamar ""Copa Ruggiero""."
2020-08-08 05:23:13,"Ahora pe, revienta tus cohetes..."
2020-08-08 05:17:01,Como otras veces por culpa de unos imbeciles nos quedamos sin futbol.
2020-08-08 05:06:34,es ese amigo a quien amamos por las historias que hemos construido junto a el. Por las anecdotas y sacrificios. Por la gente hermosa con la que nos hemos abrazado en cada gol. Por las batallas interminables para reencontrarnos cada domingo.
2020-08-08 05:02:45,"IPD decidio suspender el torneo de la Liga , debido a las aglomeraciones que se generaron en los alrededores del Estadio Nacional por barristas. Ademas jugadores de otros clubes de ese pais, tenian casos positivos para Covid-19"
2020-08-08 05:00:02,", ministra de salud, tildo de ""crimen"" los acontecimientos protagonizados hoy por algunos hinchas del en la antesala al encuentro con la Academia Deportiva Cantolao ...Mas aqui &gt;"
2020-08-08 04:56:01,Una vez mas la hinchada te deja mal
2020-08-08 04:55:06,Todo lo que ha pasado con los hinchas de es un resumen de la sociedad peruana basicamente.
2020-08-08 04:51:45,"Los hinchas de son unas bestias de mierda, bien hecho que hayan suspendido los partidos."
2020-08-08 04:49:11,"La proxima que salga diciendo ALGO sobre el coronavirus, recuerdenle su SILENCIO ante lo que hicieron hoy sus amigos barritas de Universitario. Una verguenza"
2020-08-08 04:45:26,"| El cuadro crema deslindo cualquier responsabilidad relacionada con los lamentables hechos acontecidos el dia de hoy. Ademas, insto a las autoridades pertinentes a dar con los responsables y aplicarles todo el peso de la ley.:"
2020-08-08 04:44:44,"Soy hincha de pero la verdad es que no estoy de acuerdo con esta celebracion, es una falta de respeto y consideracion para todos aquellos que la estan pasando mal, gracias a este tipo de personas IGNORANTES toda la hinchada es afectada."
2020-08-08 04:43:43,| se manifiesta tras los lamentables hechos sucedidos el dia de hoy.
2020-08-08 04:41:41,Terrible lo hecho por algunos ?fanaticos? de hoy. Nuestra industria del futbol espejo de la sociedad y su gente: la misma que llena una custer sin mascarilla o que le vale el distanciamiento
2020-08-08 04:23:56,"Esos son los hinchas que darian la vida (y matarian) por su equipo. La vida tuvo, alguna vez, algun valor para ellos? Es lo que yo me pregunto..."
2020-08-08 04:17:56,"| IPD suspende las proximas fechas del campeonato comprendidas entre el sabado , domingo y lunes de agosto. Esta medida surge a raiz de no haber distanciamiento social por hinchas a las afueras del estadio."
2020-08-08 04:15:00,Como hincha crema solo se deberia suspender a de la por la imprudencia y estupidez de todas las personas que estuvieron afuera del . Esto no es justo para el futbol peruano.
2020-08-08 04:12:47,"Soy de pero ese grupo de hinchas debe ser sancionado. Esos no son hinchas, son delincuentes, como hay en todos los equipos."
2020-08-08 04:12:03,": El Peru no esta para celebraciones actualmente, hay peruanos muriendo a diario y otros luchando por su vida y ustedes con juegos artificiales. Hablen con sus jefes de barras de su institucion."
2020-08-08 04:11:54,El Torneo Peruano se suspendio por culpa de hinchas que no cumplieron el protocolo de seguridad en las afueras del Estadio Nacional en el partido entre y . No hay fecha para que vuelva la .
2020-08-08 04:07:19,"deslindo de los hechos que protagonizaron un numeroso grupo de hinchas en las inmediaciones del Estadio Nacional. ""Exigimos a las autoridades las sanciones pertinentes a los organizadores e instigadores de dichas actividades""."
2020-08-08 04:07:06,"Totalmente repudiable lo que paso hoy, pero asi como pides una sancion para , espero tambien lo hagas cuando pase en tu casa, Saludos."
2020-08-08 04:02:16,pide detencion inmediata de hinchas que se aglomeraron cerca del Estadio Nacional
2020-08-08 04:00:13,"""MAyra Couto"" ""Liga "" ""Estadio Nacional"" Peru al de agosto a cuidarse mas que nunca."
2020-08-08 03:59:15,", volante de se pronuncio en sus redes sociales, tras la cancelacion de lo que resta de la fecha del Torneo Apertura. [?]: ""Al final los que mas sufrimos con esto somos todos los que vivimos de este lindo deporte""."
2020-08-08 03:57:02,"""MAyra Couto"" ""Liga "" ""Estadio Nacional"" Peru al de agosto a cuidarse mas que nunca."
2020-08-08 03:50:10,"Uno de los culpables para la suspension del torneo son los dizque hinchas de ese club pocos tienen mi respeto y son consientes de la situacion, tanto miedo les da senalar a los periodistas de y"
2020-08-08 03:49:29,"Y como se esperaba, una lavada de manos total. Este club deberia ser fuertemente sancionado y van a ver que se corta ese tipo de actos. Pero quien pone mano dura?"
2020-08-08 03:45:18,"Y esto???... No se supone que esta prohibido la reuniones que superen las personas...QUE EL DOMINGO ABRA EL HUARALINO, SON WEBADAS... SI ESTAS s HACEN CHONGAZO PORQUE NO PUEDO IR A BAILAR CON AGUA MARINA..."
2020-08-08 03:42:46,Siento que estoy en uno de los semestres mas importantes de mi carrera y las cosas mas basicas ya se me olvidaron.
2020-08-08 03:41:36,"Contundente comunicado de ""Los que se hacen llamar barritas de la U, merecen nuestra mayor condena y pedimos sanciones""."
2020-08-08 03:40:53,"Estupidos ""hinchas"" de la U,"
2020-08-08 03:40:15,Ocho personas fueron intervenidas dentro del tumulto de los hinchas fuera del estadio Nacional durante el vs ://
2020-08-08 03:39:32,por esos delincuentes disfrazados de hinchas suspendieron la fecha
2020-08-08 03:37:57,No duro ni un solo dia para que manden a la mierda todo!! Mataron la fiesta mas grande.
2020-08-08 03:35:56,En estos momentos debe haber muchos hinchas de la U avergonzados de compartir hinchaje con esos delincuentes que se cargaron al campeonato peruano!
2020-08-08 03:31:54,"Busca o y pon videos, encontraras todo el desmadre."
2020-08-08 03:30:21,SIN LA U NO EXISTE EL FUTBOL PERUANO. SE ESTA ATROPELLANDO SISTEMATICAMENTE AL CLUB Y MIENTRAS NO SE SINCERE LA DEUDA NO IMPORTA SI NO HAY TORNEO. DALE U
2020-08-08 03:29:14,"Despues q no se quejen esos ""hinchas"" en reclamar cama, UCI, oxigeno,.bono... caiste !!!'"
2020-08-08 03:29:13,"eres una gran voz que ha dado mucho en la lucha en estos dias, por favor puedes decirle a estos idiotas que los contagios no paran y deben reconocer que en tiempo de pandemia y contagio existe una diferencia entre lo que es correcto e incorrecto"
2020-08-08 03:26:54,Palteamos como sociedad [?]
2020-08-08 03:25:34,Y agrego para que este hilo llegue a mas gente
2020-08-08 03:22:32,"Se suspendio la fecha en Peru y el torneo corre peligro. Un grupo de hinchas de se agolpo afuera del Estadio Nacional y el Instituto Peruano del Deporte cancelo la jornada. El campeonato puede ser ""suspendido definitivamente"""
2020-08-08 03:21:01,"Muy triste todo. La realidad que se vive en las calles, como el show ""barristico"" hoy, parece no tener idea de la realidad de al lado de hospitales colapsados, record de contagios y de muertes diarias.Muy triste todo. De donde podemos sacar esperanzas?"
2020-08-08 03:16:24,El hecho aqui es el siguiente: Los hinchas de ya hicieron su acto vandalico. Y se estaran riendo porque las autoridades solo suspendieron los partidos de esta fecha. Continuaran haciendolo? Lo mas seguro es que si. Se deberia suspender LA LIGA en su totalidad.
2020-08-08 03:10:40,. Y tu JAJAJAJAJAJAJAJAJAJAJAEterna burla
2020-08-08 03:10:15,Varane quien te conoce!!
2020-08-08 03:10:12,"Es una verguenza lo que acaba de suceder hoy, si amigo crema, tu que te quedaste en tu casa y estabas contento con ver a tu equipo en el dia de aniversario, hay ""hinchas"" que son estupidos y perjudicaron lo que era una fiesta a distancia. Somos una sociedad maldita"
2020-08-08 03:04:29,"creo que en una liga mas madura, formal, decente, profesional, no suspenderian la Liga, simplemente retirarian a la U, es lo que tendria que pasar, por ese equipo ordinario y sus hincha, el resto de jugadores se queda sin trabajo"
2020-08-08 03:02:09,"Los hinchas vandalos de la U le hacen mas dano que GREMCO, a Universitario ojala aprendan a comportarse y sumar para la U"
2020-08-08 02:58:49,"Un grupo de hinchas de se agolpo en las afueras del Estadio Nacional. Frente al incumplimiento del estado de emergencia, el Instituto Peruano del Deporte decidio la suspension de la fecha. Y el campeonato corre peligro...:"
2020-08-08 02:54:39,En una noche los hinchas de la U han demostrado por que las barras continuan siendo el cancer del futbol y de la sociedad; en unas horas demostraron por que miles de familias dejaron de ir al estadio a disfrutar del deporte.
2020-08-08 02:53:34,El nuevo Premier aprovecha la coyuntura para ganar popularidad. El gobierno de Vizcarra esta tan desgastado y hediondo de corrupcion () que necesita una cortina de humo. La popularidad de es tan grande que puede detener todo el campeonato. Somos grandes.
2020-08-08 02:52:42,"Feliz aniversario a los hinchas de , ya nos dimos cuenta que querian de regalo ser los unicos en jugar la Liga ."
2020-08-08 02:52:41,"En solo horas el futbol peruano arranco y se termino. con sus hinchas, celebraron su aniversario en medio de todo eso."
2020-08-08 02:49:19,"[] Se suspendio la fecha en Peru. Asi lo decidio el Instituto Peruano del Deporte ""al no haberse cumplido, por parte de la poblacion apostada en las afueras del Estadio Nacional, con los protocolos de distanciamiento"". Solo se jugo -0 ."
2020-08-08 02:49:06,Increible lo que sucede en Los hinchas de coparon las calles de durante la reanudacion del torneo. El equipo crema empato a con Fue tal la aglomeracion fuera del estadio Nacional que el Gobierno suspendio la
2020-08-08 02:48:53,"Segun explican en el comunicado, la presencia de los hinchas de Universitario en el Estadio Nacional fue una de las razones para no continuar con el torneo."
2020-08-08 02:46:38,": Se suspendio la fecha en Peru . Lo decidio el Instituto Peruano del Deporte ""al no haberse cumplido, por parte de la poblacion apostada en las afueras del Estadio Nacional, con los protocolos de distanciamiento"". Solo se jugo un partido: -."
2020-08-08 02:46:23,No hay peor ciego que el que no quiere ver. Gracias por cagarnos la liga . hijos de puta!
2020-08-08 02:46:21,"!Sin Futbol Peruano!El Instituto Peruano del Deporte (IPD), informo a traves de un comunicado que se suspende el resto de partidos de la fecha de la , debido a que supuestos hinchas incumplieron el protocolo en la previa del partido entre vs. ."
2020-08-08 02:45:26,Suspenden reinicio de la gracias a los cojudos que dicen llamarse hinchas de .Para la proxima so cojudo.
2020-08-08 02:45:25,"Se suspende el resto de la fecha en Peru, por un banderazo de los hinchas de , ojala esto no pase en nuestro pais pero dudo mucho"
2020-08-08 02:45:07,"La economia es un reflejo de nuestras interconexiones.El consumo equilibrado y recibir solo para suplir nuestras necesidades, poniendo el resto de nuestros esfuerzos unicamente para ayudar a los demas. !Esto es la economia!"
2020-08-08 02:45:01,Ptm! Soy de la U pero que hacemos con los que usan la excusa de la hinchada para no respetar la salud y vida de otros?
2020-08-08 02:43:50,Todos los de pre
2020-08-08 02:42:56,"La culpa la tiene la FPF por organizar un torneo sin protocolos serios, la tienen algunos jugadores por no saber respetar el estado de emergencia, la tienen algunos hinchas de que salieron de sus casas a celebrar. Ellos han propiciado la suspension de la ."
2020-08-08 02:41:35,"Suspendido la los disturbios presentados horas antes de iniciar el partido entre y , ademas de no respetar los protocolos de salud por parte de los hinchas.Se tomo la decision de suspender todo."
2020-08-08 02:40:37,Estadio Nacional
2020-08-08 02:38:05,a esos idiotas que se juntaron
2020-08-08 02:37:02,"Torneo justamente suspendido ?Era necesario ir al Nacional hoy? Por favor, cremas, apoyemos desde casa, no pongamos en riesgo nuestra salud y menos la de los demas. Hay momento para todo y este no es momento para celebrar en las calles"
2020-08-08 02:35:44,"El problema no es el futbol, el problema somos nosotros, la sociedad. Nuestra sociedad esta cagada simplemente.El ha suspendido la por el desmadre realizado a las afueras del por pseudo hinchas de ."
2020-08-08 02:35:31,IPD suspende la fecha del futbol peruano por desorden generado a las afueras del estadio nacional de por malos hinchas de de Deportes.
2020-08-08 02:34:07,Los enfermitos cremas siempre jodiendo el futbol.
2020-08-08 02:34:00,Nadie nos para
2020-08-08 02:33:20,"Los hinchas de la U nos quejamos de GREMCO y de malos manejos del Club, sin embargo este banderazo en las puertas del estadio arriesgando sus vidas y contagiandose entre todos fue una estupidez. Cuando aprenderemos!! No se dan cuenta que juegan contra la U"
2020-08-08 02:32:52,Bien hecho hinchas de nos dejaron sin futbol
2020-08-08 02:31:12,"Primero reventaron pirotecnicos en la madrugada y ahora lograron que se suspenda por reurnise y hacer desmanes. Los hinchas de podran jactarse de tener la mejor barra y garra, pero han demostrado que no tienen cerebro."
2020-08-08 02:29:37,OFICIAL Se suspende lo restante de la fecha Ndeg7 debido a los tumultos que se generaron en los alrededores del estadio Nacional...Siguenos: ..
2020-08-08 02:28:41,"Bien merecido, el peruano debe aprender q primero es el respeto a la salud de los demas, haber si eso nos ensena a ser mas humanos."
2020-08-08 02:27:21,"""Los incidentes producidos el dia de hoy por supuestos hinchas del Futbol (aglomeracion de hinchas de previo al duelo con Cantolao) nos obligan a reevaluar las medidas de seguridad para la reanudacion de la Liga "". La suspension de la seria inminente."
2020-08-08 02:26:13,El suspendio el torneo mas duro tras la aglomeracion de los hinchas de en la previa del vs ante
2020-08-08 02:24:55,"El IPD decidio suspender el resto de la septima fecha de la Liga por las situaciones de riesgo ocasionadas por un grupo de hinchas de , quienes incumplieron con los protocolos de distanciamiento. ?Que opinas?"
2020-08-08 02:24:22,Soy crema pero todo mi repudio para la gente que se fue al estadio. Perjudican al equipo y al pais entero. Se podia esperar
2020-08-08 02:21:49,El IPD decidio suspender el resto de la fecha. La concentracion de un gran numero hinchas en la previa del vs. Cantolao fue el detonante. Se analizara si hay reprogramacion inmediata o si el tema se extiende un poco mas.
2020-08-08 02:21:22,"Por un grupo de inadaptados que se hacen llamar hinchas, arruinan lo que los verdaderos hinchas disfrutamos desde casa cuidandonos y cuidando a los demas. [?][?][?]"
2020-08-08 02:20:45,las consecuencias de la estupidez en sus actos. Cancelan la liga
2020-08-08 02:18:05,"Pensar en el futbol peruano sin es como aceptar nuestra literatura sin Vargas Llosa, la musica sin Pinglo, la pintura sin Szyszlo, nuestra comida sin el ceviche o el verano sin playa. Somos el campeon historico. Sin la U no hay futbol peruano."
2020-08-08 02:15:28,"A primera hora , antes del partido algunos cojudos se aglomeran. Luego culpan al gobierno y exijen atencion. Soy simpatizante de la U, pero lo mejor seria sancion a y supender la"
2020-08-08 02:14:14,"A todos los que se quejan que les bajaron su transmision del partido por fb, pues informense sobre los DERECHOS AUDIOVISUALES, y no anden disparando o acusando sin fundamento"
2020-08-08 02:13:53,y la familia crema
2020-08-08 02:13:25,Deberian salir los dirigentes de la U y los mismos futbolistas reprochando este tipo de manisfestaciones (absurdas e irresponsables)Su silencio solo avala lo inaceptable.
2020-08-08 02:13:04,.... [?]. Y dale U
2020-08-08 02:13:03,La Conmebol saludo a por su aniversario nro
2020-08-08 02:11:29,Era lo mas logico. El partido de vs no debio jugarse.
2020-08-08 02:09:10,"!![?]Final en el Nacional: - !![?]Empate a cero en el reinicio de la , buen juego de parte de ambas escuadras, pero la ""U"" tuvo las oportunidades mas claras. [?][?]Toda la Info aqui >[?]<[?]"
2020-08-08 02:05:00,"Comizzo y su balance sobre la actuacion de con ""Despues de tanto tiempo de no hacer un partido oficial, creo que la ansiedad nos gano un poquito en el primer tiempo"""
2020-08-08 01:55:08,Orgulloso de ser en Peru
2020-08-08 01:53:01,"Eres una verguenza de persona... Tu! fanatico irracional, bodrio de la sociedad, sigue moscas, valiente de los cobardes, rey en la ideocracia. Historicamente, el fanatismo solo esta compuesto por idiotas utiles."
2020-08-08 01:50:08,: igualo -0 con en el reinicio de la . Al parecer sera debut y despedida por los desmanes de la hinchada crema.
2020-08-08 01:42:43,Extranaba esta sensacion que me genera
2020-08-08 01:27:17,Fin del partido -0
2020-08-08 01:26:25,"Me decepciona. Ni en esta coyuntura razonan, espero no se mueran sus familiares"
2020-08-08 01:25:13,"En el reinicio de la Liga Movistar tras casi meses de para por la pandemia, Universitario y Cantolao empataron a cero en un palido partido."
2020-08-08 01:24:18,"meses de ausencia en las canchas, el Estadio Nacional se ilumino nuevamente para la jornada de la Liga , partido que enfrento a Universitario de Deportes en su aniversario y Cantolao. [?]"
2020-08-08 01:23:52,En el reinicio de la y empataron sin goles. Revisa como marcha la tabla de posiciones y la programacion restante de la jornada . [?][?]
2020-08-08 01:18:18,"Mas alla d los problemas tacticos q se presenciaron en el partido d hoy, el problema que realmente enfrenta son los cambios abruptos de administraciones q traen a sus propios tecnicos, no se respeta un proceso que venia por buen camino y estas son las consecuencias"
2020-08-08 01:14:34,"-0 . Asumamos que es por los dias sin competencia, pero el nivel de dicho partido fue muy pobre y ojo, los cremas llegaron con cotejos de preparacion. Delgado y Carvallo determinantes en el empate. ."
2020-08-08 01:11:05,Triste espectaculo dieron estos malos hinchas de en el reinicio del futbol peruano.
2020-08-08 01:10:40,Universitario empato frente a Cantolao en lo que fue el reinicio de la liga tras dias de para El club crema tuvo mas chances de convertir pero los palos y las atajadas de Erick Delgado hicieron que termine -0
2020-08-08 01:10:24,Final del partido - del torneo peruano sin goles en el Nacional
2020-08-08 01:09:36,Los cremas no pudieron ganar en el dia de su aniversario y por ahora suman puntos. ://
2020-08-08 01:09:15,"| En el Estadio Nacional, empato -0 con por la fecha . >[?]Proxima fecha: Universitario San Martin Binacional Cantolao Prensa Universitario"
2020-08-08 01:08:29,Ex pide que se suspenda el torneo mas duro tras los incidentes que causaron los hinchas de en el dia del aniversario del club de sus amores
2020-08-08 01:08:14,"!EMPATE A CERO EN EL NACIONAL! [?][?] no pudo alzarse con la victoria en su aniversario numero . Fue empate -0 frente a , en lo que significo el regreso del futbol peruano despues de la cuarentena. ?Que opinas de este partido?"
2020-08-08 01:07:58,no se salvo de protagonizar divertidos memes tras el empate ante Cantolao
2020-08-08 01:05:09,!?Como no te voy que querer?!
2020-08-08 01:04:16,FINAL empato -0 con tras dias sin . Lo sufren los apostadores.
2020-08-08 01:02:39,!Final en el estadio Nacional! igualo sin goles ante en partido disputado por la fecha del Torneo Apertura. : Liga
2020-08-08 01:00:36,"Hay que darle tiempo al equipo, pero hoy se vio un retroceso importante en el juego de . Pocas ideas en un equipo en el que Nelinho Quina termino siendo el de mejor rendimiento. La ausencia de Dos Santos tambien peso."
2020-08-08 01:00:18,"| NADA PARA NADIE! Con mas garra que otra coss, los cremas tuvieron oportunidades de anror el marcador pero el Loco Delgado estuvo intratable en lograr un empate[?][?] -0 Nacional,"
2020-08-08 00:58:51,rque Universitario de Deportes empato -0 frente a Cantalao en el reinicio de la
2020-08-08 00:58:20,"termino el partido, Cantolao y Universitario de deportes empataron sin goles en el estadio nacional."
2020-08-08 00:57:10,"!!SE REPARTIERON PUNTOS!!En el reinicio de la , y igualaron a cero en el Nacional. Los cremas no pudieron cantar victoria en el dia de su aniversario."
2020-08-08 00:56:35,"Minuto del segundo tiempo. Fue la mejor jugada del partido, la hizo Succar habilito a q pateo se extendio y saco el balon desviado.Bien fisicamente la U, equipo intenso ordenado en defensa.Hizo su partidoAsi volvio el futbol"
2020-08-08 00:54:41,"MARCADOR EN BLANCOEn el partido que reiniciaba el torneo, igualo sin goles frente a . Los cremas estuvieron muy cerca de llevarse los puntos, Delgado tuvo una buena noche en el arco del delfin."
2020-08-08 00:54:37,[?]!Final! -0 Apertura- Fecha
2020-08-08 00:54:32,[?] !FINAL! Empate entre los cremas y el delfin en el Estadio Nacional.Cantolao - Universitario de Deportes Liga [?]
2020-08-08 00:54:23,"| !Final del partido! !En este reinicio, no hubo goles!Academia Cantolao - Universitario"
2020-08-08 00:54:08,"!FINAL DEL PARTIDO! En el dia de su aniversario , igualo -0 ante en el reinicio de la ?Que tal te parecio el duelo?"
2020-08-08 00:53:31,!FINAL EN EL NACIONAL! En el regreso de la Liga Peruana : y igualafon -0 por la fecha del de la .
2020-08-08 00:52:28,"VOLVIO EL FUTBOL CON INCIDENTES y fueron los primeros en retornar a la actividad en Peru, pero antes del partido los fanaticos tiraron fuegos de artificio, recibieron a los jugadores con bengalas y hubo corridas con la policia."
2020-08-08 00:50:25,"| En sus anos, les compartimos un video en homenaje a una de las instituciones mas importantes del pais. Feliz dia a y todos sus hinchas."
2020-08-08 00:50:07,. Que tonteria de tecnico trajeron? Comizzo no tiene ni idea de lo que pasa en la cancha. Cero ideas y planteamiento contra un equipo mas inofensivo que los telettubbies.
2020-08-08 00:46:55,"Soy de desde muy pequeno. Pero en serio los ""hinchas"" en este contexto mundial/nacional pueden hacer algo tan estupido y alarmante?... Una total verguenza lo sucedido hoy a las afueras del . Lo mejor es volver a suspender la ."
2020-08-08 00:46:24,uffff buena atajada T VS EMPATE --- SIGUELO EN VIVO
2020-08-08 00:43:31,A. Cantolao - de Deportes Empate en el primer partido de la reanudacion de la que se lleva a cabo en el Estadio Nacional de .
2020-08-08 00:37:46,Nuevamente Virgil Van Quina
2020-08-08 00:36:33,"Mmm...Yo agregaria q no solo la prensa, los dirigentes del propio Club deben dejar d llamar a estos desadaptados: ""Hinchas"""
2020-08-08 00:34:39,A las trabajadoras del hogar por reclamar sus derechos agua sucia y a ellos los resguardan como si se fueran a perder.
2020-08-08 00:32:39,"minuto , el partido sigue -0 entre Cantolao y Universitario de deportes."
2020-08-08 00:26:32,"Hinchas de decidieron alentar a su club a las afueras del Estadio Nacional, desatando la polemica al no respetar el distanciamiento dispuesto por el ://"
2020-08-08 00:19:58,Regalame un gol por mi cumpleanos
2020-08-08 00:15:04,Buen planteamiento crema en el t. Millan y Hohberg se recogen para buscar el traslado del balon de un campo a otro. Empieza a mostrarse mas el equipo de Comizzo. Mas cerca del primero la U.
2020-08-08 00:14:34,"Desde las :15 pm estaremos con un invitado de la casa, Piero Alva en el aniversario de y para comentar el post partido ante .!No se lo pierdan!"
2020-08-08 00:12:15,Que malll.. Fuegos artificiales.. Ni respeto por tantos fallecidos por covid...
2020-08-08 00:04:20,"Verguenza, esos ""hinchas"" de distanciamiento social y puro alboroto en pleno estado de emergencia."
2020-08-08 00:03:51,| !Arranca la .a parte!Academia Cantolao - Universitario
2020-08-08 00:03:49,[?]!Arranca la segunda mitad! -0 Apertura- Fecha Sigue las incidencias aqui
2020-08-08 00:03:25,"Ricardo Gareca, entrenador de la , no quiso perderse el reinicio del Torneo Apertura de la y se dio cita en el coloso de Jose Diaz para ver el vs"
2020-08-08 00:00:43,Camino al trabajo
2020-08-08 00:00:40,No estamos preparados para reiniciar un campeonato local profesional. Vivimos todavia en una sociedad mediocre. Y la policia nacional no merece estar expuesta a cuidar vandalos que se amontonan.
2020-08-07 23:58:16,!VIVE EL REGRESO DE LA ! el minuto a minuto del -
2020-08-07 23:57:43,"Si fueran feministas y no hinchas de , la policia ya estuviera reprimiendo hace rato. Pero bueno, ?la U es la U, no?"
2020-08-07 23:55:01,vs Donald Millan casi abre el marcador para los 'cremas' en la ://
2020-08-07 23:53:50,"[?]ENTRETIEMPOOcasiones claras, estuvo mas cerca de abrir el marcador. En el amanecer del partido un cabezazo de Millan choco en el palo y Delgado atrapo en la linea. Y sobre el final, el disparo cruzado de Succar se estrello con la base del poste."
2020-08-07 23:50:20,[?] Final del T' en el Estadio NacionalCantolao - Universitario de Deportes Liga [?]
2020-08-07 23:48:54,[?]!Al descanso! -0 Apertura- Fecha Sigue las incidencias aqui
2020-08-07 23:47:50,Donde estan mis amigos de que se quejaban porque borraron su logo del cerro. Necesitamos la misma critica.
2020-08-07 23:47:21,| !Final de la .a parte! !No hay goles en el reinicio del campeonato!Academia Cantolao - Universitario
2020-08-07 23:43:31,Menos blabla durante el partido por favor. Gracias
2020-08-07 23:43:16,"Ayyy Santillan!!! Pero bueno la tomo de una, con parte externa q desvia el balon muy arriba, bien Succar como llegada ofensiva,pero al palo. La mas clara de ' -0"
2020-08-07 23:42:44,"La mas clara del partido (por ahora)uccar al palo y, en el rebote, Santillan afuera."
2020-08-07 23:41:33,"[?][?]Gana en el Estadio Nacional de Lima (Peru), partido de inicio por la Fecha y reinicio de la liga peruana Ap. :AD Cantolao"
2020-08-07 23:40:55,[?] vs. Cantolao: Donald Millan casi marca el -0 crema pero balon dio en el poste (VIDEO)
2020-08-07 23:37:49,". . . -0 . Luego de dias se reanudo el torneo peruano. ' Por ahora, el partido, sin goles. Los 'cremas' quieren celebrar en su aniversario y Cantalo buscara 'aguarles la fiesta'.Foto (Captura TV) :"
2020-08-07 23:37:16,"Solo en el se reprime a las trabajadoras que expusieron (y exponen) su vida durante la cuarentena, y dejan que un grupo de irresponsables celebren en una epoca donde el pais esta de luto"
2020-08-07 23:29:40,Dale desde Cusco
2020-08-07 23:29:17,"Victor Zamora ante incidentes en algunos equipos: ""Luego del numero de infectados en y las peligrosas violaciones a las reglas de convivencia por parte de creo que no queda otra que suspender la Liga """
2020-08-07 23:26:51,"| Del al de , se llevara a cabo la a edicion de la Internacional del y el de la ."
2020-08-07 23:25:14,!Vamos Uci!
2020-08-07 23:15:32,"Que servicio para malo el de , cortan la transmicion del partido de en la aplicacion de Movistar Play."
2020-08-07 23:14:58,"Al parecer los hinchas de y finalmente de muchos equipos, en lugar del cerebro tienen aire como el balon que miran rodar estupidizados. Egoistas con sus familiares, a quienes ponen en riesgo, por salir a gritar como imbeciles en plena pandemia."
2020-08-07 23:14:28,!MODO RANDOM! Estas son las imagenes del partido Universitario vs Cantolao en el inicio de Liga1
2020-08-07 23:13:08,Me van a perdonar pero me conecto desde mi tablet para ver el partido de : ohhhh sorpresa! El unico programa que te bota es el partido! Los demas funcionan bien!Gracias por ser tan estafadores!
2020-08-07 23:11:58,Exponerse y exponer (a terceros y tu familia) al Covid-19 por un equipo de futbol.
2020-08-07 23:11:03,Viendo Academia Cantolao vs Universitario por Goltv
2020-08-07 23:09:24,"| Los aficionados 'merengues' no respetaron el distanciamiento social e invadieron pistas, veredas y jardines."
2020-08-07 23:08:53,Asi fue el retorno del futbol peruano. -0
2020-08-07 23:07:34,[?]4' | Primera opcion clara de Universitario. el travesano nego la posibilidad a .
2020-08-07 23:07:28,Soy de la U pero esta imagen me da verguenza asi NO!!!
2020-08-07 23:06:41,Estoy de acuerdo. Cada partido sera lo mismo. Esa Liga no es compatible con las medidas de seguridad que se deben adoptar ante una pandemia como la que vivimos. Los benditos quedaron chicos ante esta barbarie. Feliz aniversario
2020-08-07 23:05:26,[?] !Inicio el partido en el Estadio Nacional! Cantolao vs. Universitario de DeportesLiga
2020-08-07 23:03:09,"Ok los fuegos artificiales a la media noche. Pero hoy a las afueras del estadio nacional hacer caminata, arengando y todos juntos? Esa no es la U ni su hinchada son imbeciles. Ojala la policia los detenga y los meta al calabozo."
2020-08-07 23:03:08,!Aniversario merengue! Saludamos a por sus monumentales anos de futbol. !Arriba la hinchada crema! [?]
2020-08-07 23:02:39,EN VIVO : por la !Comenzo el partido! Desde el Estadio Nacional vs. [?]>
2020-08-07 23:02:01,!ABREN TELON! Estas son las a lineaciones confirmadas de Universitario y Cantolao que saltaran a la cancha del Estadio Nacional en el regreso de la Liga1 [?].
2020-08-07 23:00:53,[EN VIVO] Ya juegan y por la fecha del .
2020-08-07 23:00:45,"Emmanuel Cerda campeon con la crema en aquel recordado ano , tambien quiere hacerse presente con su saludo en nuestro aniversario"
2020-08-07 23:00:25,Ha vuelto el futbol! [?][?] Vamos !
2020-08-07 23:00:05,"| !Arranca el partido! !Vuelve la Liga !, y se reestrenan en el Nacional."
2020-08-07 23:00:03,!Vuelve el futbol![?]!Comenzo el partido! -0 Apertura- Fecha Sigue las incidencias aqui
2020-08-07 23:00:01,"| COMENZO EL PARTIDO![?][?] Nacional,"
2020-08-07 23:00:00,"[?] SOBRE POR ANIVERSARIO DE : ""Eso demuestra una falta de conciencia por lo que sucede en el pais"""
2020-08-07 22:59:43,"RUEDA EL BALON EN EL NACIONALEL DIA TAN ESPERADO LLEGO, EL CAMPEONATO PERUANO ESTA DE REGRESO. vs"
2020-08-07 22:59:19,"Contagios en los club x ir a comer un cevichito, ahora estos desadaptados en las calles, cancelen x culpa de prioricen la salud y no el circo!"
2020-08-07 22:58:32,"!Arranca el partido en el Estadio Nacional! -0 , por el reinicio de la Liga"
2020-08-07 22:55:17,"Vayanse a sus casas!!! No ven la gravedad del asunto...animales hinchas no "" delincuentes"" largo!!!!"
2020-08-07 22:52:24,Vuelve el futbol peruano . En breve juegan y .
2020-08-07 22:50:26,"VUELVE LA LIGA En el dia de su aniversario , quiere regalarle una alegria a su hinchada. En el regreso del campeonato, los cremas se mediran ante .Aqui las alineaciones"
2020-08-07 22:49:57,Alineacion de para el encuentro con .
2020-08-07 22:47:26,"Alineaciones confirmadas para el partido entre y por la Fecha de la [?][?]El partido arranca a las :00 pm, a traves de Gol Peru !![?]"
2020-08-07 22:42:42,!96 DE PASION! de Deportes esta de aniversario. El cuadro crema cumple anos de fundacion. El club de 'Lolo' ostenta titulos y una final de Copa Libertadores. !Felicitaciones!
2020-08-07 22:34:20,Asi arrancan los equipos de y en el reinicio de la .
2020-08-07 22:33:02,Hoy dia ganamos crema de vida!!
2020-08-07 22:30:14,Pesimo!!! es mejor no alentar durante meses que no hacerlo por el resto de tu vida
2020-08-07 22:24:56,"VUELVE LA LIGA1!!![?][?]>[?] a las mejores cuotas de , la emocion de ganarRegistrate en y gana un bono de S/.10 usando mi link:"
2020-08-07 22:20:47,!Regreso la !Vive toda la previa del - por la o fecha del Apertura
2020-08-07 22:19:55,Hinchas de de Deportes causan disturbios y se aglomeran afuera del Estadio Nacional
2020-08-07 22:05:22,"alineara de la siguiente manera para el duelo con Cantolao: Carvallo; Corzo, Alonso, Quina, Santillan; Alfageme, Barreto; Quintero, Millan, Hohberg y Succar. (4-2-3-1)"
2020-08-07 22:05:16,| Luego de mas de meses sale Universitario a la cancha y este es el 'once' que manda Comizzo para buscar los puntos. !Like si ganamos [?]!
2020-08-07 22:02:26,Superamos los k en casi horas
2020-08-07 22:00:47,"El XI de para hoy: Carvallo, Corzo, Alonso, Quina, Santillan, Barreto, Alfageme, Millan, Quintero, Hohberg y Succar..."
2020-08-07 22:00:10,"?Como no voy a quererte, Universitario?Esto recien empieza."
2020-08-07 21:54:02,"El primer equipo de llega al con todos los protocolos de seguridad, para el encuentro con Cantolao."
2020-08-07 21:53:23,| Policia Nacional aseguro que se han iniciado investigaciones para dar con las personas que promovieron reventar fuegos artificiales por el aniversario de .
2020-08-07 21:53:05,"YA comienza ULTRASONIC, la mejor musica dance + electronica / EDM, todos los viernes desde las hs. en Tu lugar!"
2020-08-07 21:51:07,"Hoy es cumpleanos de mi abuela. En la madrugada, esperando su cumpleanos escucho los fuegos artificiales y se emociono. Me dijo: ""Mi equipo de toda la vida cumple anos el mismo dia que yo"" Que sigan celebrando y dando alegria en especial en este momento tan duro"
2020-08-07 21:42:55,"!![?]VUELVE EL FUTBOL!![?] y se enfrentan hoy a las pm en el Estadio Nacional, abriendo la Fecha de la . ?Quien ganara el encuentro? [?][?]"
2020-08-07 21:37:38,Asi luce el estadio Nacional que esta tarde albergara el partido entre vs en el reinicio de la Liga de Futbol Profesional () [?]
2020-08-07 21:31:54,No se por que sigo pensando que el partido de vs se jugara en el Miguel Grau del Callao
2020-08-07 21:31:49,Kuando un saludo de segundos puede konkistar el Mundo
2020-08-07 21:30:47,"Los anos de de Deportes, uno de los gigantes de Peru y America. [?][?][?]"
2020-08-07 21:24:02,; hinchas a las afueras del Nacional. Se suponia que esto no tenia que pasar. [?]
2020-08-07 21:22:39,llego al Estadio Nacional acompanado de su gente (motos y carros). Lo curioso fue que no llego con Movilbus.
2020-08-07 21:21:12,Y Dale U
2020-08-07 21:20:29,"Desde las :00 pm estaremos con un invitado de la casa, Mauro Cantoro en el aniversario de y para comentar un poco en la previa ante .!No se lo pierdan!"
2020-08-07 21:18:06,En odriozolahay una barrahay una barra descontroladaque se calientapor todas partesesta la hinchadade mas aguante
2020-08-07 21:06:44,"Feliz dia, club querido. Te sigo y te he seguido porque eres colosal."
2020-08-07 21:00:01,"[?] SOBRE ANIVERSARIO DE : ""No vamos a abrazar a quienes reventaron los petardos a las medianoche !Por que me hacen renegar!"""
2020-08-07 20:51:40,Hinchas de a las afueras del Hotel Holiday. La PNP deberia disparcerlos pero no lo hace.
2020-08-07 20:34:29,Lo repito una vez mas hinchas de revientense esos por el ORTO!
2020-08-07 20:30:25,La mediocridad tercermundista de equipos que nunca han ganado nada importante
2020-08-07 20:10:37,"Primero define que significa ""deononeurales"" para poder entender completamente tu estupidez, aunque viendo el escudo en tu perfil entiendo que sedapal no llega a los olivos aun..."
2020-08-07 20:09:25,"| Exarquero de se presento en ""Yo Soy"" imitando a Manuel Turizo."
2020-08-07 20:07:06,Luis Tonelotto no quiere dejar pasar la oportunidad de saludar a nuestro amado club en su aniversario.
2020-08-07 20:02:00,"Feliz aniversario a mi crema querida, de pasion.El club mas grande y copero del Peru"
2020-08-07 20:00:23,Gracias saludos toda la vida
2020-08-07 20:00:01,| celebro su aniversario con fuegos artificiales en todo Lima >
2020-08-07 19:59:52,vs Cantolao EN VIVO via Gol Peru: Horarios y canales TV para ver reinicio de Liga [?][?]
2020-08-07 19:57:59,Recuerdo cuando mi papa me llevo al estado por primera vez
2020-08-07 19:44:28,"""Puedes dar buen ejemplo o mal ejemplo, ambos funcionan"". Si estamos en todo el Peru, usemos esa gran fuerza para ayudar en esta situacion [?]"
2020-08-07 19:43:01,"YA ESTA TODO LISTO PARA EL REINICIO DE LA LIGA1Hoy desde las p.m. en el Estadio Nacional, se enfrentara a por la fecha del Torneo Apertura - Fase ."
2020-08-07 19:25:57,De los dias mas felices de mi vida cuando el mas grande del Peru esta de aniversario. Feliz anos . Y dale U por siempre escucharan
2020-08-07 19:24:17,"Ah pero los tonos, polladas, quinceaneros de la farandula y demas no es tener empatia con lo que sucede en lima no?"
2020-08-07 19:14:47,: el Nacional esta hermoso previo duelo de [?]
2020-08-07 19:07:00,"Hoy, el Club Universitario de Deportes celebra su anos de fundacion, y sus hinchas lo celebraron con fuegos artificiales"
2020-08-07 19:03:53,anos de pasion Hoy celebramos
2020-08-07 19:02:55,El clasico por para q te refresques un poquito!
2020-08-07 18:59:47,"el equipo mas copero del pais celebra sus anos, y el gran Hector Chumpitaz recuerda como fue su paso por el equipo crema."
2020-08-07 18:55:35,te abrazo a la distancia crema
2020-08-07 18:54:40,Feliz Aniversario mi querida Crema. [?]
2020-08-07 18:54:35,"""Porque ser fanatico es un sentimiento"" Y todos los enfermos q andaban durmiendo q sienten cuando tus fuegos artificiales los despiertan?"
2020-08-07 18:54:17,Debajo de sus camas
2020-08-07 18:53:56,"es un caballero dentro y fuera del campo. Frontal y directo. Su amor por es tan grande, que la primera vez que en plena entrevista le pregunte por la U, se le humedecieron los ojos y sus pulsaciones se aceleraron."
2020-08-07 18:49:44,"Asi es tio Ele ""Me alegra enormemente"" [?]"
2020-08-07 18:30:01,!Por el mismo objetivo! Carlos Moreno se refirio a la nueva administracion de [?][?].
2020-08-07 18:24:50,Cuando sabes que eres inferior quieres minimizar a los demas como sea... !Que distintos somos!
2020-08-07 18:22:00,- vs [?] :00 hrs :00 hrs :00 hrs con:
2020-08-07 18:18:19,[?][?] Hoy no es un dia cualquiera. !Feliz anos y toda su hinchada!
2020-08-07 18:13:15,"Para algunos fue una dosis de alergia, para otros una atrocidad. Ahi se ve lo doblefilo que son algunas personas. A fin de cuentas feliz en mas grande del Peru"
2020-08-07 18:12:09,"Desearle un muy feliz aniversario a este gran equipo gracias por tantas alegrias, se que lograremos esa tan ansiada estrella siempre en las buenas y en las malas estare contigo GRACIAS y siempre seras el primer y mayor gran amor de mi vida."
2020-08-07 18:08:37,"La U es la U... Gran iniciativa pero mucho mejor hubiese sido, si la idea fuera otra, no los fuegos artificiales..."
2020-08-07 18:04:19,"Con el historico por delante, Universitario llega a los anos de fundacion."
2020-08-07 18:03:38,Feliz aniversario mi crema amada.
2020-08-07 17:56:18,Las matriculas gratis solo provocara un alza en los impuestos de los colombianos para cubrir el deficit que ya tienen las Universidades apesar de que los estudiantes pagan una matricula acorde a su estrato.Muchachos no nos creamos todo esto
2020-08-07 17:56:16,Mis van asi: Jose Aurelio CarvalloAldo Galvan Galliquio Trauco Rainer FitoOreja Mayer Candelo Alva Raul Ruidiaz
2020-08-07 17:56:08,fotazo!!
2020-08-07 17:55:03,Sigue estos consejos para llamar la atencion del reclutador en una de o . Puede que este paso sea determinante para que te seleccionen. .
2020-08-07 17:54:18,": FPF, Sporting Cristal y clubes peruanos saludan a la 'U' por sus anos."
2020-08-07 17:53:31,"La ""defensa"" mas ridicula es ""ayy se hacen los maduros, ya pues disculpen ejemplos de moral"". Gracias por admitir que su accion fue inmadura e inmoral. Aunque era evidente"
2020-08-07 17:53:19,a salvar a la U de los carroneros de Grenco y Sunat
2020-08-07 17:50:52,"Mayer Candelo se unio a la charla con por sus anos de . Aqui un adelanto.""Cuando jugaba en Matute, los hinchas de me decian gallina.Lo soy y hasta los huesos,pero siempre les gane. Eso si, todo quedaba en el campo, con respeto""."
2020-08-07 17:50:33,EN EL PERU LOS JUECES SE ESTAN ESCOGIENDO !!!LA CORRUPCION Y LA IMPUNIDAD
2020-08-07 17:48:12,"(3/3)Feliz cumpleanos, IMBECILES."
2020-08-07 17:47:39,"Cientificos argentinos identifican secuencia genetica de al menos cepas de coronavirusMas informacion, aqui:"
2020-08-07 17:46:04,"Comizzo, DT de , en por : "" en es como en , el mas grande del pais. Despues viene ""."
2020-08-07 17:45:37,"Somos la hinchada mas grande con labor social y proyectos a futuro llegando a rincones olvidados por las autoridades, nuestros hechos hablan mas que mil palabras y mas que mil flashes periodisticos.El PER(U) MENOS ""ALGUNOS"""
2020-08-07 17:45:33,?Nadie celebra que hace anos es padre? Todas las felicitaciones se las lleva . Con lo que nos costo darlos a luz [?].
2020-08-07 17:44:41,"Destacan trabajo de en investigacion, innovacion y emprendimientoEnterate aqui:"
2020-08-07 17:43:56,"Pedro Troglio, paso por y guarda carino por la institucion. Tambien se suma al saludo por los anos del club crema."
2020-08-07 17:42:34,"Y DALE ""U"" ESCUCHARAS TODA LA VIDA!!!"
2020-08-07 17:40:36,"Se quejan de la U, sin embargo hacen lo mismo en Navidad o Ano."
2020-08-07 17:40:30,Que feo dia en la chamba... lo unico bueno el Aniversario de mi U
2020-08-07 17:39:17,Rodrigo Gonzalez incomodo con los fuegos artificiales por aniversario de | FOTO >
2020-08-07 17:37:06,"Este bien o mal, los juegos artificiales por el aniversario de la crema ha sido lo mejor coordinado de esta pandemia."
2020-08-07 17:36:31,de tambien saludo a por su aniversario nro.
2020-08-07 17:36:19,Y dale (U) TLV!!
2020-08-07 17:33:14,"Johan Fano charlo con por los anos de . Aqui un adelanto del domingo en 'Todo Futbol'.""Yo amo a la U.Sueno con dirigir al mas grande del Peru. Lamento la realidad, pues no deben estar administrados por gente que busca sus intereses""."
2020-08-07 17:32:45,"No se desea mal a nadie, pero se recuerda cumplir con los protocolos de seguridad y el toque de queda dispuesto por el Gobierno. Lamentable que hayan hecho quedar mal a"
2020-08-07 17:30:09,Y dale U x Siempre
2020-08-07 17:28:09,Panas soy la unica que cuando le llega una propuesta de trabajo siente que quedara mal y no son capaces? :'v
2020-08-07 17:27:24,"Seguimos con el compromiso, de defender a UNIVERSITARIO con nuestras acciones, Feliz de Agosto para todos aquellos que demuestran su lucha y amor por el Club....seguiremos con la firme conviccion de ver libre a nuestra Institucion.."
2020-08-07 17:27:12,Estas declaraciones y las de otros personajes identificados con este domingo en en un informe especial por sus
2020-08-07 17:26:24,"Universitario No usen el tema de la pandemia, ni los muertos , eso lo hace esta gente genocida a ellos no los olviden, no son los hinchas de la U , son estos que politizan a los muertos"
2020-08-07 17:24:30,Les habiamos dicho que no entrenen en ese estadio de ese equipucho pero bueno gracias
2020-08-07 17:24:27,Feliz cumpleanos al equipo mas copero del PerU
2020-08-07 17:23:11,"Varios personajes identificados con charlaron con por sus anos. Un adelanto del domingo a traves de Luis Guadalupe. ""Cumpli el sueno de conocer a Lolo, maximo idolo. Y nunca olvidare ver a mi capitan, El Puma, jugar con canilleras de carton""."
2020-08-07 17:23:01,El e idolo de saludo al pueblo merengue por un nuevo aniversario y recordo su estadia en el club.
2020-08-07 17:21:59,!Hoy vuelve la Liga ! Y de arranque retomo mis apuestas para empezar con el pie derecho. [?][?] vs rompen fuegos y aqui estan las cuotas de Toda la fe a la U en su aniversario[?] Ingresa aqui y juega[?]
2020-08-07 17:18:38,"La U y Cantolao abren la fecha este viernes; sin embargo, anoche presentaron casos de covid.: anoche se supo de casos positivos (2 jugadores, trabajador), Luis Chavez reemplazo a un futbolista, mientras que el otro no habia sido considerado en lista"
2020-08-07 17:15:20,saludo a por su aniversario nro.
2020-08-07 17:13:43,Feliz aniversario crema!
2020-08-07 17:13:06,El plantel de sale a las :00 pm del Hotel Holiday al Estadio Nacional. En la lista de se sumo Luis Chavez por el jugador que dio positivo a las pruebas rapidas.
2020-08-07 17:13:04,"Y dale U por siempre escucharan Feliz Aniversario, Amor de mis amores, por brindarme tantas Alegrias y en las malas ensenarme amarte mUcho mas Gracias por tan hermoso video"
2020-08-07 17:12:36,Esta imagen resume el actuar de las fuerzas del orden en nuestro pais.
2020-08-07 17:11:28,En el dia del cumpleanos de Club Universitario de Deportes recordamos un equipo que hizo historia en el futbol peruano. En llego a la Final de la . tenia figuras como...
2020-08-07 17:10:50,De acuerdo
2020-08-07 17:07:44,Becas : inscripcion abierta hasta el de agosto
2020-08-07 17:06:53,Ensenar al que no sabe en K cn Padre Carlos Rosell de Almeida Xiang
2020-08-07 17:06:28,"Manejando por Lima, con la camiseta bien puesta"
2020-08-07 17:04:18,infectados en -Enferman tus amigos-Mueren tus vecinos-Hay Pobreza-No hay empleo-Crisis politica...Mientras tanto...Los descerebrados de la U el dia de ayer [?][?]
2020-08-07 16:59:44,aca con la trinchera [?]
2020-08-07 16:59:35,Feliz dia al mas grande
2020-08-07 16:53:37,Feliz cumpleanos al mas grande.
2020-08-07 16:50:29,REGRESA LA LIGA EN RADIO VAR!Hoy estaremos transmitiendo el partido de en el dia de su aniversario. Con la narracion de y los comentarios de .[?] :45 PM
2020-08-07 16:49:40,"!Feliz aniversario Universitario! Un dia como hoy, en , un grupo de estudiantes funda el Club , en la Casona de la Universidad Nacional Mayor de San Marcos.La institucion mas ganadora y popular de cumple anos de historia.!Salud !"
2020-08-07 16:48:58,Ojala la estupida celebracion con fuegos artificiales no sea un preambulo de lo que se vera cuando vuelvan los partidos de futbol en Peru
2020-08-07 16:46:09,Universitarioooooooo del balompie peruano la maxima expresion
2020-08-07 16:44:18,Un saludo a los verdaderos hinchas . A los que luchan por el bien del club. Esperemos que la gente que se aprovecha de la institucion se aleje pronto [?][?]
2020-08-07 16:42:53,"Hoy esta de aniversario , el cuadro crema llega a los anos de vida institucional. Cuentanos ?cual es el partido que mas recuerdas?"
2020-08-07 16:42:31,ANOS DE PASION Y GLORIA
2020-08-07 16:41:20,Feliz dia ya saldremos de esta situacion negativa para el club. La U es mas grande que sus problrmas
2020-08-07 16:30:43,"A muchos les molesto las celebraciones pero en otros causo felicidad y emocion, incluso pasandola mal sintieron que fue lo mas lindo en tanta crisis. En esta pandemia hay poco que celebrar y si muchos encontraron un motivo, bienvenido."
2020-08-07 16:29:06,: Sonia Malena Alva seria la nueva administradora del club merengue >
2020-08-07 16:25:22,Estamos realmente jodidos.
2020-08-07 16:24:20,"Aprovecho el aniversario de Univerasitario para contar que mi papa, cada vez que pasabamos por el Lolo, ME HACIA PERSIGNAR."
2020-08-07 16:23:28,"!UNIVERSITARIO DE DEPORTES ESTA DE FIESTA! Un dia como hoy, en , se funda el Club en la Casona de la Universidad Nacional Mayor de San Marcos.!Felicidades a todos los hinchas cremas! [?]"
2020-08-07 16:19:51,"Feliz aniversario crema de mi vida, hoy me puse la gloriosa porque es la unica manera que tengo para celebrar tu dia. Gracias por hacerme llorar de alegria, y tambien de dolor. Te amo amor de mi vida [?]"
2020-08-07 16:08:18,CONTRA TODO Y TODOS.NUNCA OLVIDAR ESO.
2020-08-07 16:07:41,FELIZ DE MI VIDA!
2020-08-07 16:04:47,Felices anos al mejor de los equipos. La U es la U [?]
2020-08-07 15:54:24,Felicidades al club por Aniversario
2020-08-07 15:50:59,Jajajaja como sera que los gones no tienen memoria y no se acuerdan que ellos guardaron mas de anos sus fuegos artificiales!
2020-08-07 15:46:25,"Monos de un circo, dando el ejemplo de cuan idiota puede ser un peruano ignorante, que piensa que su club es mas importante que la vida de su familia"
2020-08-07 15:42:31,"Curva de contagios -estadisticamente- tiene ahora la forma de una ""U""."
2020-08-07 15:42:02,de Deportes celebra el aniversario de creacion
2020-08-07 15:39:57,Desde hace anos deje de ser de y no me arrepiento.
2020-08-07 15:14:57,!HOY! Estaremos en vivo con Edison Flores para hablar sobre la historia que lo une desde muy pequeno con el cuadro crema. Termina el partido contra Cantolao y pasense un rato por el Instagram de Pase Filtrado ().!Los esperamos a las :30pm!
2020-08-07 15:01:42,Soy y que no se diga mas y los demas que se vayan a las CSM
2020-08-07 14:54:06,Universitario de Deportes cumple hoy anos de fundacion
2020-08-07 14:52:34,"Saludos al club por sus anos de vida institucional, justamente el dia de hoy enfrenta a por el reinicio de la liga1."
2020-08-07 14:50:47,Egoismo puro. de la noche y los cuetones despertaron a medio Lima. Miles de personas luchando por su vida y a estos irresponsables les importo un carajo ... ?En donde esta la PNP?
2020-08-07 14:49:41,"Feliz aniversario PD: No era necesario la pirotecnia de los disque ""hinchas"" [?]"
2020-08-07 14:48:19,"""Y dale U"", clasica cancion del maestro Jose Escajadillo con la que saludamos a de Deportes en su aniversario asi como a sus hinchas cremas. Que el futbol siga significando alegria.[?]"
2020-08-07 14:39:59,"la coherencia de los periodistas,una accion simil condenada , habra tenido motivos de festejar,incurrio en un delito en toque de queda (condenado)/ motivo de festejar,aniversario,delito: incitar a la violacion de leyes en toque de queda (justificada)"
2020-08-07 14:36:46,"Crema toda la vida. Agradecido de serlo. Y dale ""U"""
2020-08-07 14:33:42,Que hermosa te ves hoy Esperancita
2020-08-07 14:33:04,Y en estos casos las municipalidades que tienen ordenaza de sancion por uso de pirotecnicos no deberian multar a estos tipos?
2020-08-07 14:30:46,Me alegra enormementeSer un hincha ferviente El mas apasionadoDe este grandioso club... Dale U!!!...
2020-08-07 14:28:13,[?][?]Reinicio de la [?][?]Universitario vs Cantolao Juegan viernes de agosto (6:00 p.m. via Gol Peru) En el Estadio Nacional [?]
2020-08-07 14:27:45,"Soy tu hincha y celebro tu onomastico, pero no con pirotecnia. Los recuerdos en el viejo Nacional cantando antes y durante tus partidos, estan latentes. Eres el club con mas titulos del julbo peruano"
2020-08-07 14:27:42,"En Magdalena lloraron varios ninos porque se asustaron.Los hinchas de se pasaron, la policia les estaba siguiendo como ha ."
2020-08-07 14:23:43,!Feliz aniversario Club querido! Gracias por darme tantas alegrias.
2020-08-07 14:19:08,Lo que realmente no esta en su ADN es la empatia por los demas. Imbeciles
2020-08-07 14:18:09,Mas o menos cuantas UIT de sancion deberia caerle a la U por los ?
2020-08-07 14:15:14,Implementaran nuevamente la cuarentena para ver si los de la U se les da por reventar fuegos artificiales en todos los distritos en pleno toque de queda
2020-08-07 14:15:00,"Ese pensamiento ramplon, inexistente consideracion a otros, nos mantiene como pseudo ciudadanos.Y si, siendo de la U critico a quienes se denominan hinchas y hacen estas idioteces"
2020-08-07 14:09:58,"Que tal escandalo hicieron anoche las gallinas, y en pleno con"
2020-08-07 14:06:18,!Feliz anos cremas! !Feliz aniversario ! Con anos la 'U' es el club con mas titulos en la historia del futbol . Por el bien del futbol peruano esperamos que el club salga de esta terrible situacion que viene atravesando.
2020-08-07 14:05:39,Tu eres la alegria de mi corazon Y dale U toda la vida!
2020-08-07 14:05:28,"Feliz Aniversario Ultimo gol celebrado en el clasico con son los mejores tiempos, pero solo sus verdaderos hinchas sacaran al club de este mal momento.!Volveremos!!Camino al centenario!"
2020-08-07 14:04:20,"Feliz aniversario club querido, y que sean muchisimos mas, feliz anos, y dale U por siempre escucharan."
2020-08-07 14:04:02,"Todos los huevones de mierda de deberian celebrar en su interior. Por ejemplo, metiendose los cohetes en el ano mientras gritan . Manada de subnormales y pseudo delincuentes de ventana. Tremendos hijos de puta."
2020-08-07 14:02:08,Hoy de agosto [?][?] Champions League vs. (2:00pm/ESPN2) vs. (2:00pm/FoxSports) LaLiga vs. (1:00pm/DirecTv) Liga vs. (6:00pm/GolPeru)
2020-08-07 13:58:25,"Recuerdos inmemorables a tu lado [?] desde jugar partidos con esta camiseta, hasta dejar la garganta en la tribuna. Este equipo me representa. Felices anos al equipo mas grande del , feliz aniversario ."
2020-08-07 13:55:32,Buen dia cremas.Feliz dia amor de mi vida.
2020-08-07 13:54:49,!Feliz anos al mas grande! [?]
2020-08-07 13:52:48,"Feliz aniversario al mejor club del Peru al mas ganador al mas copero y al que tiene mayor hinchada. FELIZ ANIVERSARIO MI CREMA QUERIDA. I DALE ""U"" Por siempre"
2020-08-07 13:52:29,"Felicidades a los hinchas cremas. Pero no te hace mas hincha reventar pirotecnicos, sobretodo en tiempos de crisis. Hubiera sido mejor compartir ese dinero en una donacion con gente crema que este pasando necesidad y eso hubiera sido una gran DETONACION ."
2020-08-07 13:52:08,"Simple, hacen lo q les viene en gana, nadie respeta nada, el toque de queda es una payasada, los delincuentes se rien d esto (siguen robando).Aca deberia haber una sancion para el Club , una total IRRESPONSABILIDAD d sus ""hinchas"" No estamos para celebrar nada."
2020-08-07 13:49:48,Lo bueno es que ahora tienen algo distinto de que quejarse... Feliz dia
2020-08-07 13:49:11,"El amor por ti, nUnca se termina !"
2020-08-07 13:49:09,Hoy se asiste al trabajo con la camiseta mas hermosa del mundo [?] Feliz Aniversario crema de mi vida [?]
2020-08-07 13:41:46,por aniversario de a las :00 horas se registraron fuegos artificiales en el cielo de lima
2020-08-07 13:41:16,Esta locura no tiene explicacionTe amo U!!
2020-08-07 13:41:14,Soy hincha a muerte de la U.. Pero esto de los fuegos artificiales esta fuera de contexto..
2020-08-07 13:40:58,"""hinchas"" de diciendo q los cohetes d anoche son iguales q ano nuevo, pues, no, NO es igual, en ano nuevo muchas personas estan despiertas, otras preparan a sus hijos con autismo, dopan a sus mascotas para q no les afecte el ruido, asi q no es igual tira d"
2020-08-07 13:39:57,Porque eres tu lo mas grande que hay en el PeruPor siemrpe y para siempre Universitario!
2020-08-07 13:38:50,!Feliz anos al mas grande!
2020-08-07 13:38:11,Los duenos de la fiesta popular.
2020-08-07 13:37:30,?Y como se trabaja hoy? Asi.
2020-08-07 13:36:46,Feliz aniversario por tus anos de gloria
2020-08-07 13:35:41,"Hinchas de Actuaron como lo que siempre negaron, unos delincuentes."
2020-08-07 13:35:35,"| Hoy esta de aniversario uno de los equipos mas grandes del Peru. Fundado el de agosto de . Idolos como Lolo Fernandez y Hector Chumpitaz son parte de su historia. Les deseamos un feliz dia a todos los hinchas cremas. !Felices anos, !"
2020-08-07 13:35:13,: hinchas celebraron aniversario del club con fuegos artificiales en pleno toque de queda | VIDEO >
2020-08-07 13:33:36,"Me gusta el futbol y entiendo la emocion de la hinchada de . Pero ? a media noche, en todo Lima a la vez?, ?salir con banderolas a la calle en pleno toque de queda?. Aqui no se cuestiona QUIENES o QUE celebran. Sino LA FORMA Y EL HORARIO."
2020-08-07 13:29:15,"?Quien mierda les dio permiso lanzar fuegos artificiales en pleno toque de queda? No me importa si eres o no eres de pero eso demuestra una vez mas que el Futbol, junto con la criollada, es uno de los males de la sociedad peruana."
2020-08-07 13:28:53,Las casualidades no existen. A las :00 se escucharon y le dije a mi novio: Feliz cumpleanos...sorpresa. Se lo creyo y estaba emocionado ...hasta que amanecio y leyo que fue . [?]
2020-08-07 13:28:43,?Estas de acuerdo con este acto? Lima amanecio este viernes con el cielo iluminando () y muchos se preguntaban el motivo de ello. Solo hay uno: el aniversario del club de Deportes.
2020-08-07 13:27:32,"Felices anos para , siempre hay que festejar como si fuera el ultimo."
2020-08-07 13:23:58,"El dia de ayer, personas muerieron por el . Sin embargo hinchas de salieron a celebrar en plena pandemia, rompiendo las medidas de seguridad y el toque de queda; afectado la tranquilidad de ninos espec. enfermos y animales por los ."
2020-08-07 13:23:53,"Un Estadio Nacional entero de hinchas muertos, hinchas del Peru pero yo celebro a las a.m. porque soy lo mas grande... si, si, claro."
2020-08-07 13:22:33,"Hoy , hoy juega ."
2020-08-07 13:22:10,"Gregorio Perez saludo a por sus anos: ""Un aniversario mas de un grande de America""."
2020-08-07 13:13:58,"Feliz aniversario , eres el mas grande y copero, pronto saldras de esta situacion y estaras en lo mas alto otra vez."
2020-08-07 13:13:00,Un poco de humor
2020-08-07 13:12:16,Feliz Aniversario al club de mis amores de fiesta senores!!
2020-08-07 13:09:47,"O sea que los de anoche, era por Universitario. Vaya manera de celebrar. [?]"
2020-08-07 13:04:02,Feliz Aniversario Uno de los clubes mas emblematicos del Futbol PeruanoLes desea en este dia de celebracion a todo sus hinchas y los colaboradores del clubFeliz
2020-08-07 13:02:27,"Un verdadero hincha respeta a su comunidad, celebra con ella. No sobre ella."
2020-08-07 13:01:01,"Feliz anos al mas grande del PerU.Mientras otros lloran y critican, nosotros demostramos el amor y carino por la crema en la forma que podamos."
2020-08-07 12:58:17,"feliz al club con mas titulos en el Peru, con cero descensos, y el que mas lejos llego en la Libertadores Los demas, argumentos futbolisticos, no tienen."
2020-08-07 12:55:33,rque el club Universitario de Deportes cumple anos de creacion
2020-08-07 12:50:50,Los mejores abrazos los recibi en casa !Feliz de Agosto!
2020-08-07 12:49:47,Parece que estos sodomitas estuvieron despertando a la ciudad. La mediocridad tercermundista en su maxima expresion
2020-08-07 12:47:41,En La Victoria empezo a la media noche.... recien me entero que es aniversario de ... Pero muy mal actitud mientras familias llorando otro celebrando... Falta de criterio....
2020-08-07 12:46:48,Feliz aniversario al mas grande! Feliz dia Universitario de Deportes!
2020-08-07 12:45:48,"Desatinados, desadaptados, desconsiderados. Al comienzo parecieron disparos, luego fue claro que era pirotecnia !a la medianoche! Y despues sabes que fue en todas partes. A ver si alguien de arriba de se disculpa con todos. !Respeto, senores! Estamos en emergencia."
2020-08-07 12:35:59,[?]Lamentable la reunion de los hinchas de para festejar con fuegos artificiales el aniversario del club de sus amores en toque de queda[?]
2020-08-07 12:33:11,Grita el pecho y Dale U. por siempre
2020-08-07 12:31:37,"Posible de : Carvallo; Corzo, Alonso, Quina, Santillan; Alfageme, Barreto; Quintero, Millan, Hohberg; Succar.Posible de : Delgado, Arana, Ramirez, Salas, Nunez, Solis, Castillo, Tajima, Celi, Rengifo, Quintero."
2020-08-07 12:31:27,"Universitario, del balompie peruano, la maxima expresion. Universitario, tu juego es la alegria de mi alma y corazon. Felices anos, crema de mi vida. [?]"
2020-08-07 12:31:00,Tengo amigos y familia hinchas de . Estoy seguro que no celebraran tremenda falta de empatia e idolencia ante la coyuntura. Espero que no les de orgullo tremenda burrada . Espero.
2020-08-07 12:30:24,Feliz aniversario...al mas campeon del Peru
2020-08-07 12:21:13,Nos Sobra Aliento -A donde vayas (Con Letra) via crema de mi vida yo te quiero tanto
2020-08-07 12:20:40,Nos Sobra Aliento -A donde vayas (Con Letra) via crema de mi vida yo te quiero tanto!!!!
2020-08-07 12:18:06,anos del club mas grande del PerU.
2020-08-07 12:17:05,"!Provoca Resultados!La excelencia es un resultado de como haces las cosas, no es un estado de animo. Las pequenas tareas que llevas a cabo, deben tener resultados de excelencia ?imagina como haras las mas dificiles? !Buen dia!"
2020-08-07 12:16:35,Esos hinchas de son de verdad unos imbeciles.No respetan el toque de quedaNo respetan el distanciamientoNo respetan a los demas. ????Y la donde estaba?
2020-08-07 12:14:41,Sera Porque Te Amo via dale que dale campeon!!!
2020-08-07 12:13:14,TE AMO
2020-08-07 12:12:04,Hinchas de prendieron fuegos artificiales en el aniversario del club de sus amores. Lamentablemente lo hicieron en pleno toque de queda
2020-08-07 12:10:55,Que bueno que en no escuche Simpatizo con pero detesto la bulla pasada las pm
2020-08-07 12:10:13,Ayer por la noche escuche fuegos artificiales. ?Ya encontraron la vacuna definitiva para el COVID-19?
2020-08-07 12:08:53,"anos, como no amarte"
2020-08-07 12:05:42,"El martes, en el programa de , anticipamos el que mandaria Angel David en su reestreno con : Carvallo; Corzo, Alonso, Quina, Santillan; Alfageme, Barreto; Quintero, Millan, Hohberg; Succar"
2020-08-07 12:00:44,se proclama el club mas grande del en su aniversario nro.
2020-08-07 12:00:17,POLKA CREMA. ..!!.(U)NIVERSITARIO DE DEPORTES...!! via del balompie peruano la maxima expresion!! te amo
2020-08-07 11:56:39,!DALE U POR SIEMPRE ESCUCHARAS!
2020-08-07 11:55:50,"Por los anos vividos, por los dias de triunfo, por las tardes de gloria que me brindo el Peru! feliz anos"
2020-08-07 11:53:44,La saludo a por su aniversario nro.
2020-08-07 11:48:25,"Para ser sinceros, fue muy chevre (no original) lo de los . Para ser imbeciles, ahi estan los hinchas de que lo hicieron y los que lo aplaudieron."
2020-08-07 11:47:26,Huachaferia crema
2020-08-07 11:35:45,Cuando escuche no sabia el motivo y le pregunte a mi hijito que es cremasa y me dijo mama es por el aniversario de y yo
2020-08-07 11:18:14,Los del mas grande (U) de mi vida.
2020-08-07 11:14:52,feliz crema querida
2020-08-07 11:06:56,Despues de ver tantas publicaciones de los de siento que llegaron hasta aqui.Que tales idiotas para hacer tanto alboroto en estado de emergencia.
2020-08-07 10:47:32,Aniversario del mas grande del Peru !!! Universitario de deportes!!! Por muchas mas alegrias y campeonatos !!! La U es la U!!!!
2020-08-07 10:30:00,"Se convoca plaza de Grupo de de la Funcion , de caracter interino, para el Servicio de del de Octubre"
2020-08-07 10:00:01,"Se convoca plaza de Grupo de de la Funcion , de caracter interino, para el Servicio de del de Octubre"
2020-08-07 09:51:55,"Y dale ""U"""
2020-08-07 09:47:11,"Y dale "" U """
2020-08-07 08:47:10,"yo no veo ningun protocolo aqui, tu si?"
2020-08-07 08:26:41,Como olvidar esas noches [?]
2020-08-07 08:26:10,"Feliz crema de mi vida tantos anos alegrandonos la vida, hoy nos toca retribuirte dando el er aporte a EmbajadUr para liberarte de las manos corruptas en las que hoy estas."
2020-08-07 08:22:15,"Una disculpa a todas las personas que se vieron afectadas por este (disque) ""espectaculo"", no todos l hinchas estamos de acuerdo con lo ocurrido y exigimos a las autoridades que se tomen cartas en el asunto."
2020-08-07 08:17:59,que hoy cumple anos juega esta noche ante
2020-08-07 08:16:20,"de Deportes, la U, celebra la muerte de mil peruanos por el"
2020-08-07 08:14:33,"Feliz aniversario mi querido Universitario! Fuistes, eres y seras el club mas grande y querido del Peru, gracias por todas las alegrias, la fuerza y garra crema nos mantienen firmes en esta pandemia, saldremos de esta para seguir verte triunfando!"
2020-08-07 08:00:53,"Prefiero mil veces el ruido de los fuegos artificiales por el aniversario de la U que escuchar a un DJ Barranquinasho haciendo bulla y molestando a los vecinos. En fin, la hipocresia."
2020-08-07 07:51:51,"Estamos viviendo tiempos criticos y salen con esto? Que van a decir ahora que no los dejamos celebrar? Los contagios van en aumento, y aqui una de las causas."
2020-08-07 07:49:26,Me alegra enormementeser un hincha fervienteel mas apasionadode este grandioso club!!!
2020-08-07 07:45:49,"!Feliz aniversario Club Universitario de Deportes! El unico grande del Peru esta de cumpleanos. A celebrar recordando todas las alegrias que nos ha dado, sin olvidar el dificil momento institucional que vivimos. Y dale U por siempre"
2020-08-07 07:29:58,"Lo acabo de leer:""Los hinchas de brindaron la dosis de alegria q necesitaba el pais con fuegos artificiales""""Dosis de alegria"" en toque de queda, en plena pandemia, con gente muriendo."
2020-08-07 07:26:01,"Aun recuerdo que me empezo a gustar el fut cuando mi papa me llevaba a ver al Manucci y al Sport Coopsol al Mansiche y yo haciendo barra y aplaudiendo, bien gil era pe, hasta que creci y conoci a un grande, al mejor, a un campeon, a mi"
2020-08-07 07:25:20,"Pruebas de acceso a la universidad, nivel observa la foto y comenta."
2020-08-07 07:24:16,"Quizas para barajarla digas, no estoy de acuerdo con ninguno de los actos en este contexto, pero xk no se hizo o hace ese mismo enfasis a esas reuniones, fiestesitas, etc?Mi Barrunto, a cierto, eres aliancista."
2020-08-07 07:22:48,Hinchas de de Deportes desobedecen toque de queda y distanciamiento social obligatorio por pandemia de para festejar aniversario.
2020-08-07 07:08:25,!Te queremos mucho ! !Lo mejor para ti siempre! !Feliz aniversario! !Un abrazo grande a todos los cremas en el mundo!
2020-08-07 07:06:07,Y dale U ctmre [?]Hoy no es cualquier dia hoy es ANIVERSARIO DEL EQUIPO DE MIS AMORES LA U !!! Hoy pintamos todos con la camiseta para demostrar que somos la mayoria y motivando a nuestra hinchada desde la distancia):
2020-08-07 07:06:02,"Critican los fuegos artificiales para recordar nuestro aniversario, pero olvidan que en el suyo sus jugadores se fueron de juerga y Magaly los ampayo"
2020-08-07 07:01:01,!Buenos dias y ! ..
2020-08-07 06:59:57,"Mrd, que locura el impacto que genero la celebracion de parte de los hinchas de bien por los hinchas que celebraron desde casa y los que salieron hacer caminata una lastima por ellos.Y DALE U [?]"
2020-08-07 06:59:09,Feliz aniversario amor de mi vida[?] gracias a la vida por hacerme hincha de esta gran institucion.
2020-08-07 06:59:05,"Ano Nuevo? NO.Es los [?]6[?] ANOS DEL MAS GRANDE Un dia como hoy en , se funda el Club Universitario de Deportes, una institucion emblema. anos siendo el club mas grande del Peru. [?]"
2020-08-07 06:56:44,!GRACIAS PAPA POR ENSENARME ESTE AMOR TAN GRANDE A MI CREMA!
2020-08-07 06:56:42,"Si, ya se, pirotecnia en plena pandemia esta MUY MAL, no deberian de hacerlo, NO SENOR....Pero si la pirotecnia crema logro que Ano Nuevo sea tendencia en Twitter, ya sabemos quien es el mas grande del Peru:"
2020-08-07 06:56:03,"Que digan lo que digan, yo sere crema hasta el final."
2020-08-07 06:53:00,"Yo crei que los cohetes iban a durar mas, pero se ve que estan ahorrando para cuando le paguen la deuda a Gremco!"
2020-08-07 06:48:39,"Me alegra enormemente, ser un hincha ferviente, el mas apasionado de este grandioso club..."
2020-08-07 06:44:45,Y asi es como se festeja el aniversario del Mas Campeon!!!Lindo imaginar como sera en el Centenario
2020-08-07 06:32:10,"Si esto es de hoy, es de lo mas estupido, mononeuronal, irresponsable, infantil, poco coherente y desconsiderado que puede haber. Esos no son de la U, son idiotas. Merecemos mas que una sarta de adefecios."
2020-08-07 06:30:20,"Y no amigos de , al menos yo no me encuentro 'ardida', ni en mi aniversario me hubiese 'querido notar', no amigos. En este mundo, hoy, estamos para aprender a ser mas humanos. La alegria de ustedes no es sana hoy, primero se respeta,luego se celebra."
2020-08-07 06:23:54,"En medio de la coyuntura que nos aqueja, a la ""U"" se la celebra en el corazon y punto, no es necesario tanta irresponsabilidad, eso no es amor, eso no es ser ""U"".Nunca olvidarse esto:"
2020-08-07 06:23:33,El Puma ! En la UPC cuando fue para la venta de entradas para la final en Huancayo ( o algun partido creo ) !
2020-08-07 06:19:39,Y DALE U!!! Escucharan por siempre [?]
2020-08-07 06:18:55,"!Feliz aniversario amado club UNIVERSITARIO DE DEPORTES, que alegria se hincha del unico grande de Peru, Y DALE U POR SIEMPRE !"
2020-08-07 06:18:52,"No nada que criticar en la celebracion con cohetes esta noche por el deg aniversario de . Lo que si esta mal es que algunos hinchas irresponsables se hayan aglomerado para celebrar, con los bastaba demostar este amor al mas grande del ."
2020-08-07 06:17:01,RESULTADOS DE SU FESTEJO
2020-08-07 06:16:29,PTA MADRE OTRA VEZ? YA CALLENSE de M
2020-08-07 06:15:48,"Por que reniegan tanto x los en Lima, sean de o por Ano Nuevo, da igual, xlo menos yo senti alegria darme cuenta que aun hay vida x esta ciudad ."
2020-08-07 06:15:14,No soy de pero comparto esto.
2020-08-07 06:14:41,anos del mas grande!
2020-08-07 06:14:06,Felicidades al equipo mas grande del Peru [?]
2020-08-07 06:12:57,La obra a la que siempre volvere.
2020-08-07 06:11:26,Los hinchas en conmemora los aniversario del con fuego artificiales.
2020-08-07 06:11:09,"Si ven a avisen a su familia, hoy no aparece hasta que sea de Agosto."
2020-08-07 06:10:31,"Aprendan a criar a sus hijos con empatia para que cuando crezcan no esten reventando cuetones a lo loco pensando que es cool y que no afectan a ninos, ancianos y animales que se ponen a temblar como el mio ."
2020-08-07 06:10:19,"Hoy, es aniversario del club de mis amores. Si, bad timing para los fuegos artificiales y peor aun para salir a las calles (aun peor durante el toque de queda). Amor al club si, pero, porfas, no perjudiquemos a los demas"
2020-08-07 06:09:26,Ahora imaginemos lo que se podra hacer en el centenario y sin pandemia.
2020-08-07 06:07:03,"Muy hincha de y todo lo que quieras, pero ?les parece correcto celebrar con fuegos artificiales en medio de una pandemia con mil personas muertas en el pais? Ademas desacatan el toque de queda. Un poco mas de criterio, sea cual sea el color de tu camiseta."
2020-08-07 06:06:32,"es una forma de vida, pasion.... Es indescriptible lo que se siente por este club"
2020-08-07 06:04:41,Felices mi amor eterno
2020-08-07 06:02:19,anos de gloria y pasion para el equipo mas grande del mundo.!Y Dale U por toda la eternidad!
2020-08-07 06:00:07,Grita al techo Y DALE U q se escuche entre la gente grita al techo Y DALE U q se escuche entre la gente
2020-08-07 05:59:55,"CoronavirusCon el tiempo da mas palta ese nombreCuando te nombran ya no antoja chupar una corona ?que mrd pasa? Parao sin polo con nuestro gallo pe ctvd DENGUE HAZ ALGO PLIS, NO NOS PUEDE GANAR"
2020-08-07 05:58:29,Y dale U
2020-08-07 05:57:31,Tan cierto!
2020-08-07 05:57:06,"A las , un monton de fuegos artificiales en san Borja, san Luis y santa catalina... googleando para saber dia de que virgen era... y veo que es aniversario de la . Soy de la alianza pero igual, Feliz dia!"
2020-08-07 05:56:06,"Felices hoy se conmemora un aniversario mas del mas grande en una coyuntura dificil pero donde el corazon se hincha por verte volver!! Una pasion y mucha garra, ese es !!"
2020-08-07 05:55:19,Feliz aniversario al equipo mas grande del Peru
2020-08-07 05:54:34,Tantos cuetones y fuegos artificial en Lima por el aniversario de No dejan dormir carajo
2020-08-07 05:49:57,"Con la plata de los fuegos artificiales podrian ir pagando un poquito de la DEUDASA que tienen con Sunat, que se traducira en mas ingresos am fisco para combatir la pandemia GENIOS."
2020-08-07 05:49:24,Gran dia Carajo Y dale U
2020-08-07 05:49:23,"Nadie dice que no celebren su aniversario, pero tienen que ser un poco mas conscientes que la gente descansa y peor aun revientas cohetes mientras el pais muere minuto a minuto"
2020-08-07 05:48:52,"Los hinchas de brindaron la dosis de alegria que necesitaba el pais con fuegos artificiales. No le pidan a un crema que baje los brazos y que no haga nada, mas aun cuando ve que el panorama no es alentador !ESO NO ESTA EN SU ADN!"
2020-08-07 05:48:40,anos de pura garra toda la vida!!!
2020-08-07 05:48:05,Correccion: Somos el unico grande del futbol peruano!!!
2020-08-07 05:47:58,"Una verdadera estupidez lo hecho en diversas partes de Lima.?Que necesidad o que bestialidad la de prender fuegos artificiales a la medianoche y en toque de queda?Asi como los de se ponen de acuerdo para esto,ojala y tambien lo hagan para pagar sus deudas."
2020-08-07 05:47:40,"Hoy, en profugos del acido folico:Ano NuevoFeliz"
2020-08-07 05:47:08,"No es Ano nuevo, es la poca empatia de la gente por los miles de muertos y enfermos desbordandose en los hospitales, muy mal hinchas de Universitario."
2020-08-07 05:46:41,"Si No eres de lo siento , nunca sabras que son"
2020-08-07 05:45:36,"Ultimo partido y ultimo gol que grite, ya te vere de nuevo equipo de mis amores [?]Feliz aniversario amo con locura [?]"
2020-08-07 05:44:38,"Cremitas, y si guardamos la celebracion para cuando ganemos el mejor partido contra el por una cuestion de empatia con nuestro PerU."
2020-08-07 05:43:19,Feliz aniversario CLUB DE MIS AMORES!!!
2020-08-07 05:42:46,querido celebramos contigo pero no asi!No volando el toque de queda ni incitando a las celebraciones masivas.Hay formas mas aun cuando hay que dar el ejemplo
2020-08-07 05:41:30,Hinchas de la U hoy: BRUTOS E IRRESPONSABLES ?
2020-08-07 05:37:49,Crean su el dia del aniversario de ! No son hinchas de su club .. ustedes son AntiU !
2020-08-07 05:37:43,"Mientras tu revientas tus fuegos artificiales, en algun lugar hay una persona esperando el cuerpo de su familiar, una persona delicada con COVID o alguien que esta pasando un cuadro de stress. NO ESTAMOS EN EPOCAS DE CELEBRACION"
2020-08-07 05:37:38,": Se reporta el estruendo de bombardas en varias ciudades en , segun fuentes extraoficiales se trataria de hinchas del equipo pues estarian conmemorando su aniversario . Esta situacion estaria generando malestar en la poblacion y hospitales"
2020-08-07 05:36:50,"Y LOS BARRIOS DE MI DISTRITO ESTAN HACIENDO ESTO A MEDIA NOCHE, Universitario club de mis amores te amo con locura y pasion pero ptmr gente no sean ratas, no es momento para hacer esto"
2020-08-07 05:36:26,"Que los , no nos detengan en la meta de recuperar y sanear al club. Es momento de celebrar, pero sigamos en un mismo frente: colocar mas alto a . Las impresentables administraciones se iran y la institucion quedara. Que nada nos detenga"
2020-08-07 05:34:57,Que miercoles tienen en la cabeza para reventar cohetes en pleno toque de queda. Hay un monton de muertos y enfermos en los hospitales por el covid y se ponen a celebrar como si no estuviera pasando nada.REACCIONA PERU!
2020-08-07 05:34:53,anos [?] y dale U carajo! [?][?][?]
2020-08-07 05:34:30,"Recuerdo esa tarde, la bandera del idolo, los abrazos, los gritos, los cantivos, los amigos... Como no voy a quererte"
2020-08-07 05:34:18,Feliz Aniversario a todos los cremas por sus [?]6[?] anos de vida institucional. Espero que sea un dia muy especial para el club y todos sus hinchas.
2020-08-07 05:34:06,Eres mi alegria y contigo estoy en las buenas y en las malas mucho mas (U)
2020-08-07 05:33:56,Yo preguntandome porque tantos fuegos artificiales casi como si fuera ano nuevo y era por [?][?]
2020-08-07 05:33:14,"| Desde distintos puntos de Lima, se reportaron fuegos artificiales, como celebracion del aniversario del club de Deportes. La institucion se fundo un de agosto de ."
2020-08-07 05:31:28,"Somos los mas grandes del futbol peruano y del mundo por ser el mas copero, tener una gran hinchada, ser el primer club peruano en llegar a una final de libertadores y tener el estadio mas grande y hermoso de Sudamerica y el mundoEL MONUMENTAL"
2020-08-07 05:31:23,Feliz aniversario a la herencia con mas valor que tengo. Al club con el que naci. Al club que me enseno que es tener garra y sentimiento en la vida. Yo no te escogi porque lo crema lo llevo en la sangre y asi sera por siempre.[?][?]
2020-08-07 05:31:20,Orgullo de vestir tus colores
2020-08-07 05:31:20,"Una falta de respeto, totalmente innecesario para todas las familias que en estos momentos sufren o pasan por una dificil situacion enfrentando esta enfermedad, un poquito de criterio por favor"
2020-08-07 05:30:50,"Pense que era por un santo o que la navidad se adelanto , era [?] ya esta bien la U lo es todo!! pero carajo dejen dormir..."
2020-08-07 05:30:44,Entiendo el fanatismo de los hinchas de pero era necesario los cuetes y no hablo solo por animales o gente con autismo soy enfermera y pido respeto ante tanta muerte por Covid en nuestra actualidad del pais
2020-08-07 05:29:15,"Ya pes manita, aniversario dem papa del futbol peruano pero aqui entre nos, tampoco me agrado los cohetes."
2020-08-07 05:28:05,"Amigos, lo siento tambn lo subire por aca.!Feliz aniversario Universitario de deportes! [?]"
2020-08-07 05:27:33,Liga : Universitario presenta dos casos de positivos de COVID-19 a un dia del reinicio
2020-08-07 05:27:19,El mas grande de los equipos Feliz aniversario!!!
2020-08-07 05:27:13,"FELIZ ANIVERSARIO CLUB DE MIS AMORES!![?] UNIVERSITARIO DE DEPORTE, ANOS !![?] AMOR INTACTO POR ESOS COLORES[?]"
2020-08-07 05:26:47,"La culpa no es del club, la culpa fue de un grupo de estupidos.Por otro lado... Tu juego es la alegria de mi alma y corazon ."
2020-08-07 05:26:33,"!Feliz aniversario al mas grande!La U, el mejor equipo y mi pasion"
2020-08-07 05:25:16,Feliz cumpleanos Universitario de Deportes! El mejor equipo de la historia del futbol peruano
2020-08-07 05:25:13,DALE U SIEMPRE EL AMOR DE MI VIDA EL MEJOR EQUIPO DEL PERU. FELIZ ANIVERSARIO
2020-08-07 05:25:08,Sabemos que eres crema jajaja Feliz dia al mas grande Del Peru !
2020-08-07 05:23:26,Estupidez en su maxima expresion.Nadie dice que no celebren el aniversario de su Club pero esa es la forma? No saben que hay toque de queda? Que hay gente muriendo en los hospitales? Sufriendo?Hasta las huevas
2020-08-07 05:22:28,"A todos esos que critican que no es la manera de celebrar, no molesten, estamos teniendo unl de los peores anos de nuestras vidas, dejen ser feliz a los hinchas al menos por un momento"
2020-08-07 05:21:56,anos y la pasion sigue intacta!
2020-08-07 05:21:38,Y despues de haber pasado las mil muertes por Covid. BRAVO
2020-08-07 05:21:16,El mejor equipo del Per(U)! Felices anos!
2020-08-07 05:21:08,"Feliz Aniversario mi viejo amigo gracias por tantas alegrias... Siempre, ""Vivir para la ""U"""" y no de ella. Te amo mi Club querido y glorioso."
2020-08-07 05:21:05,Feliz Dia al Mas Campeon del Pais.
2020-08-07 05:20:59,"Siendo las tantas horas de la noche, se escucha fuegos artificiales, es que acaso el peruano le importa mas el aniversario de un club deportivo? Que la situacion grave que atraviesa el Peru? Es en serio peruanos?"
2020-08-07 05:20:52,Por eso se viene la . . Porque no tienen ni para el te y van a detonar polvora y luces en plena desgracia peruana. Miles han muerto y estan siendo velados ahora. Nunca han sido cercanos al sentir popular.
2020-08-07 05:20:48,"Se pasaron de pendejos idiotas hinchas de Se que la no hara nada, pero merecen el infierno."
2020-08-07 05:20:39,Respeta
2020-08-07 05:20:02,Feliz aniversario a todo el pueblo crema!!! Que siempre respeten tu historia y lo que significas para nuestro pais. Feliz dia la U.
2020-08-07 05:18:58,"Arriba clUb querido, te sigo y te he seguido!"
2020-08-07 05:18:55,Desperto a medio Lima con sus cohetes. FELIZ ANIVERSARIO
2020-08-07 05:18:50,"anos! [?] Una gran barra, una gran voz y un gran amor que aprendi a tener!"
2020-08-07 05:18:34,Todo Lima celebra los anos del papa del futbol peruano
2020-08-07 05:18:15,"Que irresponsables en este momento de dolor, como se les ocurre celebrar.Que mal"
2020-08-07 05:17:19,La U es la U ! anos
2020-08-07 05:17:19,Oeee los fuegos artificiales que escuche por mi barrio era por :')
2020-08-07 05:17:03,"Disculpen hinchas de universitario pero vayanse a la mierda!!!!! Mas susto que pasion senti por sus benditos cohetes, mi perrita casi se muere, insensibles!!!!!!"
2020-08-07 05:17:03,"Mis abuelos serian los mas felices. Feliz cumpleanos y para todos sus hinchas que forman parte de esta historica institucion. ""La U siempre sera mas fuerte que sus problemas"" me decia mi abuelo antes de partir. Que sean muchos mas[?]"
2020-08-07 05:16:38,"Oigan gente de , yo se que quieren celebrar pero por si no lo han notado EL PAIS Y EL MUNDO VIVEN UN MOMENTO CRITICO. Aunque sea por RESPETO deberian haber postergado sus fuegos artificiales este ano (es decir, no recuerdo q lo hayan hecho en ocasiones anteriores)."
2020-08-07 05:16:32,"Eres crema y no sabes, que dia es hoy??"
2020-08-07 05:16:26,La U es la U. Felices anos al club de mis amores!
2020-08-07 05:15:50,Que lindo esta el cielo de colores
2020-08-07 05:15:41,"La cultura del << preocupate por ti, bebe >> Fuegos Artificiales"
2020-08-07 05:15:08,"Fuegos artificiales :00, gente subnormal, asi sea una secta o un desequilibrado club de deportes, hay que tener tino y empatia."
2020-08-07 05:14:21,Feliz Aniversario Universitario de Deportes Anos de pura pasion!!!!En estos momentos dificiles es donde se ven los verdaderos hinchas!!!
2020-08-07 05:14:14,Feliz
2020-08-07 05:14:10,Escuchar fuegos artificiales me ha traumado con el video del Libano. Que grande eres
2020-08-07 05:14:09,Aniversario del papa del futbol peruano
2020-08-07 05:14:03,"Amiguitos de no tengo nada en contra de su equipo de futbol, pero es necesario en pleno toque de queda? Y encima contaminan el ambiente bitches"
2020-08-07 05:13:25,| JAPY BDAY TUYU CREMAS! Hoy celebra anos de vida y en ABDA te preguntamos para que nos dejes en comentarios
2020-08-07 05:13:13,"Escuchar los fuegos artificiales a minutos de que sean las por el cumpleanos del mas grande. Que lindo es sentir este amor por ti crema. Un ano mas de historia. Feliz aniversario, amor de mi vida."
2020-08-07 05:13:01,"Me parece una tremenda estupidez reventar tanta cantidad de fuegos artificiales por el aniversario de y eso que soy crema.No se pasen es media noche, no saben cuantos ninos con autismo sufren por sus payasadas."
2020-08-07 05:12:39,Se eriza la piel cuando se escucha esta barra en el estadio.
2020-08-07 05:12:23,Como no te voy a querer si eres el mejor Eres pasion y garra
2020-08-07 05:11:53,Un aniversario mas para el mas grande del Peru!!!!!!
2020-08-07 05:11:20,Como se extrana ir a la cancha a ver al mas grande del futbol peruano!!. Y dale U hasta la reencarnacion!!
2020-08-07 05:11:04,"El dia que gane un torneo internacional, el dia que paguen a sus jugadores y no tengan problemas judiciales....ese dia celebren todo lo que quieran. Con esas bombardas y despertando a todo Lima, solo han celebrado su mediocridad. Pateticos."
2020-08-07 05:10:57,Los fuegos artificiales que se logran oir y ver en diferentes zonas del Callao y de Lima es por el aniversario de
2020-08-07 05:10:55,Arruinaron mi viaje astral. Gracias
2020-08-07 05:10:48,"En serio por la U? contaminacion e incomodidad con sonidos a mascotas o para dormir por el aniversario de la U, no tengo nada en contra de nuestro equipo emblematico pero se pasan pues, creo que tenemos que buscar mejores formas de celebracion...."
2020-08-07 05:10:46,que insensibles al reventar cohetes
2020-08-07 05:10:29,"Hincha de la U de toda la vida, pero los fuegos artificiales a mi perro lo vuelven alianzista. :'("
2020-08-07 05:10:25,"Cohetes por todos lados ...por un momento pense que encontraron la cura del covid... luego salio un vecino con su polo de alianza gritando ""un dia como hoy nos convertimos en papa."""
2020-08-07 05:09:53,"Feliz aniversario UNIVERSITARIO DE DEPORTES! anos de pasion. Alegrias y glorias. Un amor Incondicional... Agradecido por ser hincha de este grandioso Club. Y dale ""U"" [?]"
2020-08-07 05:09:44,"Y comenzaron los festejos por todo Lima. Surquillo, San Borja y los distritos que se alcanzan a ver con esta neblina en iluminando el festejo.Feliz Aniversario mi Crema querida, Merengue hasta la muerte"
2020-08-07 05:09:27,"Feliz aniversarios al equipo mas grande de todo el Peru. Gracias por todas las alegrias que me has regalado, espero el otro ano estar en norte saltando y gritando los goles."
2020-08-07 05:09:25,Tu papa esta de cumpleanos
2020-08-07 05:09:25,Al sur de Lima tmbn se observo.
2020-08-07 05:09:13,pense que era atentado terrorista (lo que nos faltaba) y era la bulla de
2020-08-07 05:08:41,Feliz aniversario mi crema querida
2020-08-07 05:08:39,"Y llego el dia mas esperado por todo hincha crema. El dia en que se celebra el nacimiento del equipo mas grande del Peru. !Gracias por tantas alegrias, gracias por existir. Seguiremos en las buenas y sobre todo en las malas!"
2020-08-07 05:08:27,Jajajaja todos...que es ano nuevo?JAJAJAJA osea como pudimos llegar a eso
2020-08-07 05:07:56,Aniversario de dicen. Buuuuuu pense que era por algo bueno para todos
2020-08-07 05:07:43,Y dale U El unico grande del Peru
2020-08-07 05:07:04,"Al parecer los fuegos artificiales son en varios distritos de Lima y seria por el aniversario de .Miren, soy crema, pero me parece una reverenda idiotez reventar cohetes a la medianoche. Gente de mierda."
2020-08-07 05:07:02,anos de gloria del equipo mas copero del Peru.
2020-08-07 05:06:57,"El tipo puede cambiar de todo: de casa, de familia, de novia.....pero no puede cambiar de pasion. Y dale U toda la vida. anos"
2020-08-07 05:06:44,El Grande de Universitario de Deportes feliz cumpleanos mi querido club...!!!
2020-08-07 05:06:07,"Y dale ""U"" por siempre escucharan!!!"
2020-08-07 05:06:06,Los anos de se fueron al tacho por la patetica e indolente celebracion con fuegos artificiales en todo Lima y en pleno toque de queda. Con esa plata hubiesen pagado a su gente.Con estos actos reafirmo el pobre nivel del futbol peruano.
2020-08-07 05:06:03,Y dale U Toda la vida
2020-08-07 05:05:34,Aniversario de
2020-08-07 05:04:27,Los fuegos artificiales que iluminan la noche conmemoran los anos del mas grande! Y dale U ahora y siempre!!!
2020-08-07 05:03:48,"Feliz aniversario al mejor club del Peru , mi de mis amores [?] [?][?] [?] [?]"
2020-08-07 05:03:25,Feliz aniversario al mas grande del Peru [?]
2020-08-07 05:03:09,"Crema, crema de mi vida, eres la alegria de mi corazon..."
2020-08-07 05:03:00,"!96 ANOS DEL UNICO GRANDE!Un dia como hoy en , se funda el Club de Deportes, una institucion emblema y referente nacional. anos de pasion, historia y gloria. anos siendo el Unico grande del Peru."
2020-08-07 05:02:52,En todos los distritos de Lima empezaron con los fuegos artificiales. Una locura.
2020-08-07 05:02:41,Feliz anos crema de mi vida!!!
2020-08-07 05:02:36,Dicen que es la gente de
2020-08-07 05:02:17,Aqui en SJM suenan los cohetes.
2020-08-07 05:02:11,Empezaron los fuegos artificiales por aqui . Feliz aniversario crema de mi vida ! El mejor club de la historia del futbol peruano !!!
2020-08-07 05:02:03,En Lince viene siendo hermoso el sonido celebrando un ano mas de vida de tan grande institucion.Y dale U toda la vida!
2020-08-07 05:02:02,!![?] en Unidad Vecinal Mirones
2020-08-07 05:01:30,Feliz anos [?]
2020-08-07 05:01:28,"La Junta Directiva del Club Atletico Defensor Lima felicita al Club de Deportes por su Aniversario de vida institucional, esperando que muy pronto podamos disputar una nueva edicion del Clasico de Brena"
